Date,Close,High,Low,Open,Volume
,TATAMOTORS.NS,TATAMOTORS.NS,TATAMOTORS.NS,TATAMOTORS.NS,TATAMOTORS.NS
2020-01-01,183.3112335205078,185.54734239687107,182.46649037707644,184.00690880468184,25968357
2020-01-02,192.55381774902344,193.4979495644245,183.46031448632237,183.85783888293852,57289863
2020-01-03,189.92018127441406,194.44207807628496,188.08159685098846,191.7090561933776,47572728
2020-01-06,184.50381469726562,189.8207905507778,183.9075281188927,189.8207905507778,28621212
2020-01-07,183.55967712402344,188.23065674805122,181.17450055652327,185.84548018055105,34995035
2020-01-08,181.42295837402344,183.06276538029562,179.08746096307058,179.08746096307058,21862695
2020-01-09,190.8146209716797,191.5599905848503,183.1124683022499,183.70877005861985,40803142
2020-01-10,195.13775634765625,197.7713893867218,188.82695469083993,190.81460684548034,60252338
2020-01-13,195.0383758544922,196.52911503299785,190.2183131114906,193.5476366759865,40535961
2020-01-14,194.64083862304688,197.0260150853596,192.40473000291038,194.49175561628851,29867542
2020-01-15,199.11306762695312,200.45472377955102,192.8022657492252,193.7960918613346,38485962
2020-01-16,196.33035278320312,199.36152547817176,195.68435670729463,198.26831068176236,28118140
2020-01-17,196.08189392089844,198.21861398486334,194.49176608405276,196.03219958263773,18204088
2020-01-20,193.7960968017578,200.20627235536082,193.10042153846305,196.77757521409256,28976013
2020-01-21,190.2183074951172,195.18743794341788,189.02571922044157,194.29300052855683,20859400
2020-01-22,184.45413208007812,191.3115261731797,183.1124607657577,190.7649187797683,32952072
2020-01-23,187.23683166503906,189.22448387025,182.66524069180358,185.59702466157316,33032086
2020-01-24,185.3485565185547,189.82077369996753,183.85781745808373,186.83929557902565,21791825
2020-01-27,181.07510375976562,185.7460831743004,179.73344768743848,184.5534949440378,30132428
2020-01-28,175.01278686523438,183.16215806602068,173.82018338229418,182.7646185168462,38283588
2020-01-29,186.88900756835938,187.73375068367545,177.4476592935032,177.69611582705204,61585660
2020-01-30,185.0504150390625,191.36121678028263,183.11245719528537,189.77108896947013,70900581
2020-01-31,175.5096893310547,187.18714560719488,174.8636932893699,185.1497991388667,75621897
2020-02-03,162.83840942382812,167.26093245098534,158.56495424297523,162.4905642296747,66616190
2020-02-04,164.67698669433594,167.5590915698453,160.20476910970928,165.52174497059872,49034642
2020-02-05,182.6155548095703,183.80814315500183,165.57144242651052,166.36649121374248,92982265
2020-02-06,177.7458038330078,182.26770045080002,174.66493686095023,180.87634997833823,61821140
2020-02-07,172.52821350097656,177.0501100319252,171.93191178732624,176.30474047215355,45195760
2020-02-10,167.8572235107422,172.1306788064135,166.96278607971973,172.1306788064135,33279372
2020-02-11,168.7019805908203,174.0686354686716,167.3603092890661,170.78902146808628,42868276
2020-02-12,169.8945770263672,172.23007454080732,167.9566190700145,171.93192366338764,34621395
2020-02-13,168.45352172851562,171.28593214199628,167.0621712726972,170.29210605510238,25049848
2020-02-14,168.05601501464844,175.11217187412726,167.26095102869166,170.93810490358447,56676430
2020-02-17,168.05601501464844,170.29212394507323,165.32299298857367,169.34797693167093,32893274
2020-02-18,160.60231018066406,166.96279140650716,157.62083176269073,166.96279140650716,52744122
2020-02-19,157.07421875,163.5837827632829,152.1050882306364,161.84458708150564,78914233
2020-02-20,157.5214385986328,161.29798085347247,155.03687332105187,156.9748312046484,54328194
2020-02-24,149.7198944091797,154.93748138225516,148.67638914623075,153.04921787687996,39706007
2020-02-25,148.9745330810547,152.4529245888206,146.53966205853524,151.2603362476461,52719851
2020-02-26,143.65756225585938,146.98687051025317,142.81280402579603,145.99304443468802,47605927
2020-02-27,144.35324096679688,145.8439801161958,140.22886871929296,143.26002619140453,51328153
2020-02-28,128.15386962890625,138.7381264504042,126.26560614795784,137.99275689246417,94469619
2020-03-02,124.62579345703125,133.07330765699564,123.03567322624137,132.17887024000163,111585697
2020-03-03,129.5452423095703,130.58874761600052,124.47672297298088,126.71283176890269,86765576
2020-03-04,125.42085266113281,128.79987055037208,119.80574117806445,128.79987055037208,97546902
2020-03-05,124.9736328125,128.35263550660719,123.48289365370279,126.76252283597324,87795649
2020-03-06,113.49494171142578,116.57580879921589,112.10359118669803,114.29000565323453,83971462
2020-03-09,105.04741668701172,109.17179655576616,103.60637186189713,108.32704587958548,81549809
2020-03-11,98.2894058227539,105.84248289808372,97.19619859566396,104.20266826630296,111146790
2020-03-12,87.45669555664062,94.31409706560821,83.58077230528579,90.5375549063822,143550830
2020-03-13,89.19589233398438,93.56872868352934,77.56813001528403,81.3943589777766,106151311
2020-03-16,82.43787384033203,87.10886116612974,81.69250424834968,85.07151458179467,73702778
2020-03-17,77.46874237060547,84.47521949069116,76.92214255857002,82.53726160588013,71842549
2020-03-18,75.03387451171875,79.95331093354385,74.63634253427115,79.40671109905874,70105052
2020-03-19,72.4996109008789,76.02769658581704,68.32554431731924,69.5678269412705,68122549
2020-03-20,76.82276153564453,79.10855704521236,72.20146859567154,73.54313233120138,86043342
2020-03-23,65.79129028320312,71.55548517765311,65.59252807951535,69.56783281160719,34184325
2020-03-24,68.12677764892578,71.05856141567722,63.107953145391654,69.46844127807829,49551990
2020-03-25,69.8162841796875,71.25732900528402,66.83480585172931,67.33171890638901,57713806
2020-03-26,70.3628921508789,73.0462196351727,67.87832685716555,71.00887306141114,63821068
2020-03-27,70.26350402832031,75.43140442944113,68.92184027557538,71.60517536335685,58814757
2020-03-30,67.72925567626953,69.56783259261597,66.83481059790606,68.37524420965937,35278010
2020-03-31,70.61134338378906,71.05856207019558,67.77893309557786,70.16411711509157,46157286
2020-04-01,67.53047943115234,71.20764049439107,67.13295506305414,70.0647389803805,38149007
2020-04-03,64.8968505859375,66.48697090845056,64.39993751125893,66.48697090845056,35346301
2020-04-07,66.83480072021484,68.87214712081062,66.48696312511801,68.12677759604986,42066469
2020-04-08,67.1826400756836,71.157944311905,64.99622577867825,66.08943292718092,82179303
2020-04-09,74.1394271850586,75.77924180282392,68.67338351403524,69.17029657503736,112677273
2020-04-13,73.79158782958984,77.12090374382686,72.25115434366501,75.53078350234112,70409900
2020-04-15,72.44992065429688,78.2141072023086,71.50578135621242,74.93448578248065,81121081
2020-04-16,74.18912506103516,74.93449468807377,70.56165802632218,71.30702765336079,47910164
2020-04-17,76.37553405761719,77.81658644801232,74.23880643205986,77.81658644801232,58333485
2020-04-20,79.95330810546875,82.88509970093736,75.0338718576519,76.37553559957544,125425355
2020-04-21,74.18912506103516,77.51844121201592,73.54313653447663,77.51844121201592,58248325
2020-04-22,75.43140411376953,76.0773926089927,72.10208812428591,73.99035168868838,56529293
2020-04-23,75.18294525146484,78.164423522516,74.93448872887726,76.276152434392,50366856
2020-04-24,73.74189758300781,76.42523274778716,73.54313538515385,74.53696153900728,40047438
2020-04-27,74.78541564941406,75.72954743200499,74.3381969276166,75.43140414490387,27835340
2020-04-28,76.47491455078125,77.7171971626022,74.73571889423192,75.18294518386226,34825405
2020-04-29,77.66751098632812,78.81041251417925,76.07739074780507,76.97182816914895,40784783
2020-04-30,92.67427825927734,93.17119127943432,85.41934513206901,85.41934513206901,170634033
2020-05-04,83.38201141357422,86.6616329984125,80.99682725405182,86.46287081107373,91159477
2020-05-05,80.40052795410156,86.26410309209369,79.9036149353275,85.46903922913882,57122148
2020-05-06,82.68633270263672,83.43170231563751,79.85392968969211,81.04652561986843,53739248
2020-05-07,81.99065399169922,84.12738164248664,81.59312203164481,82.38818595175363,31159970
2020-05-08,80.54961395263672,84.42552994216292,80.05270086861624,83.97831119946126,35362751
2020-05-11,85.56842803955078,90.09033995144353,80.89744827440421,80.94713503139162,152588401
2020-05-12,85.66780853271484,87.15854771309127,82.98448104095392,85.41935200265212,77551590
2020-05-13,86.66163635253906,91.92891792608552,85.71750455270136,91.92891792608552,68086031
2020-05-14,83.28263092041016,84.77337008307413,82.04034828485685,83.43169877084337,46340453
2020-05-15,83.82923126220703,84.82305737695114,82.28880533372859,84.17706888590916,38592209
2020-05-18,80.1520767211914,83.97830570117729,79.10855628015369,83.97830570117729,44221170
2020-05-19,81.29497528076172,85.12120412071185,80.99682442786539,81.99065049446496,65378983
2020-05-20,82.93478393554688,83.87892326766631,80.20176219602293,80.74836957684424,36351053
2020-05-21,83.58077239990234,84.67397957913964,82.38818412842372,82.58694631290638,37290144
2020-05-22,82.28880310058594,83.38201028067884,81.49373919745038,82.88509723679194,29252676
2020-05-26,82.58694458007812,85.17089083559335,82.0900315470063,83.3820084659095,38014864
2020-05-27,84.02800750732422,85.46905245179224,83.48140006919242,83.58078117186399,57947903
2020-05-28,86.46287536621094,87.6057769593491,84.02800432272288,85.46904921257632,96179680
2020-05-29,86.46287536621094,86.95978844302824,84.12738542162798,85.02183047635748,80813537
2020-06-01,88.99713134765625,90.63693836634924,87.45669784139686,88.35114285850581,71070852
2020-06-02,95.90422058105469,96.69928450998006,89.19589427098092,89.44435080098364,125407771
2020-06-03,98.14033508300781,100.8236627308416,96.79867125909092,99.38261780557754,90598067
2020-06-04,97.8918685913086,100.7739657312673,96.20236729320757,98.38878162984315,72078707
2020-06-05,110.06624603271484,111.75574745357343,98.43848311906032,99.82983366221832,187209208
2020-06-08,114.73722839355469,118.4143897751338,112.65019495119463,113.29618347871588,136943010
2020-06-09,110.76191711425781,117.1721000839941,109.5693288131537,116.72487378436142,79473751
2020-06-10,110.71223449707031,112.3023548187536,107.83013714898021,110.31470252107654,84038431
2020-06-11,105.49464416503906,110.46377476553745,104.35174261046612,109.22149211541284,55485897
2020-06-12,104.64988708496094,105.59401880844946,97.39495381861691,97.39495381861691,92989560
2020-06-15,99.87952423095703,104.00390411118123,99.43230551358576,104.00390411118123,69318356
2020-06-16,94.16503143310547,102.86101058919701,91.43200941261956,101.3702713052956,215476711
2020-06-17,94.8110122680664,95.80483837657383,91.23323979389798,92.4258280911903,110830038
2020-06-18,95.75514221191406,96.59989287157532,93.56872784781535,94.41347850747661,58964344
2020-06-19,101.86717224121094,103.25853025657352,95.00977083729558,95.90421581733519,135462757
2020-06-22,102.01625061035156,104.25235933379297,100.37643603003625,101.71809974764281,68545834
2020-06-23,103.75544738769531,105.34556764704142,101.27088211300094,102.36408931740817,68638552
2020-06-24,104.1529769897461,110.11593351399206,103.55667527148844,104.60019569614802,125457492
2020-06-25,103.15914916992188,105.64371434663202,101.02242160149291,103.20883592408136,63198285
2020-06-26,100.77397155761719,105.39526459963162,99.73045108344591,104.74927609572997,56327855
2020-06-29,98.83599853515625,100.77396389959115,97.44464811838176,100.77396389959115,43274006
2020-06-30,97.64341735839844,101.66841622135595,96.69928556698453,101.12180881645844,50764363
2020-07-01,100.12798309326172,100.82365835478954,97.59372341629722,98.38878735715046,50857376
2020-07-02,100.92304992675781,102.31440048969216,99.78014832238297,100.12798596311656,48083736
2020-07-03,102.8113021850586,105.69339925620146,101.46963852950843,102.21500806951309,87310642
2020-07-06,108.32704162597656,109.22148660540158,103.85482431114266,104.35173734612421,91970198
2020-07-07,108.37673950195312,111.90481761617367,107.38291339953189,109.12210907876906,85835716
2020-07-08,104.69957733154297,110.16562084045619,103.55667580867558,108.82395713199939,55887256
2020-07-09,106.2896957397461,108.27734789070753,104.00390031551518,105.64371485651661,54492650
2020-07-10,106.9356918334961,107.92951797987114,104.7492773443877,106.0412467853002,64694173
2020-07-13,107.33322143554688,111.40790702914173,106.19031987602486,108.17797212483129,81893001
2020-07-14,104.50081634521484,106.88600051111693,103.45729590316661,106.24001202710095,46924623
2020-07-15,102.56285095214844,106.14063099420478,101.8671757119105,106.14063099420478,49687046
2020-07-16,102.31439208984375,103.30821817165784,99.9789023140389,103.30821817165784,44333785
2020-07-17,105.74310302734375,106.28970285607949,102.66224350354133,103.01008113678985,42080157
2020-07-20,104.40143585205078,105.69340524522586,103.20883997109131,105.69340524522586,39786731
2020-07-21,107.78043365478516,109.02271623532575,104.84864979762582,105.34556282984205,66008143
2020-07-22,104.50081634521484,109.07241490685718,103.60637133521513,107.83013227693853,50735592
2020-07-23,105.395263671875,105.79278805635367,104.05359233623885,104.79896193057377,30722413
2020-07-24,103.10945892333984,104.84865461602269,102.06593847481354,104.0535906950225,39363520
2020-07-27,101.07211303710938,103.85482919683103,100.67458865625618,103.35791613847299,29644533
2020-07-28,105.79278564453125,106.53815522187352,101.37026251855028,101.66841338240377,64271161
2020-07-29,105.09711456298828,108.0785929903071,104.20266951833429,107.43260448126301,44561639
2020-07-30,103.01007843017578,106.09093787302788,102.2150145045339,105.74310024891889,33378340
2020-07-31,104.00390625,104.74927584914148,101.66841635581501,103.35791774761904,33809018
2020-08-03,112.35204315185547,113.69370686459284,102.26470676403736,102.36408785714913,194765344
2020-08-04,110.76191711425781,114.38938393836247,110.11593620749646,112.25265628178371,95906477
2020-08-05,114.68753814697266,116.9236469634255,111.30852775231892,111.70605972503554,99371050
2020-08-06,116.07888793945312,116.97332533608494,114.7869110163098,115.48258623197702,60092530
2020-08-07,118.36469268798828,118.96098686021732,115.28383314622847,116.27765929404079,56489390
2020-08-10,123.08535766601562,123.93010831189169,118.96097794521934,119.20943446355295,71093810
2020-08-11,121.54493713378906,125.02332854305361,120.6504921120913,124.2282646165908,50224665
2020-08-12,124.57610321044922,125.61962367426536,119.85542911828479,120.25296108460958,50713617
2020-08-13,130.3402862548828,131.08565582591245,123.63196769790746,125.32146902599142,95489249
2020-08-14,123.83073425292969,131.83103004820617,122.93628921967803,130.3402908535506,75032834
2020-08-17,122.78721618652344,125.47054359079621,119.85542467799738,123.73134793706241,61154250
2020-08-18,124.8245620727539,126.71283326134206,122.83690978630148,123.23444176005032,62153763
2020-08-19,124.37733459472656,126.81220544148852,123.97980264893306,126.21591131394388,45128613
2020-08-20,120.9486312866211,124.87424886444428,120.35233715318844,122.68782693213622,43530882
2020-08-21,120.15357971191406,123.4332013663853,119.40821012013085,123.4332013663853,48650204
2020-08-24,120.45172119140625,122.24061121775337,120.05419681425487,121.24678511029197,31294253
2020-08-25,126.31529998779297,127.55759023633415,120.35234318979526,121.04802603227,90263366
2020-08-26,137.04861450195312,138.14182928877662,127.55758728320356,129.69430735385146,197510376
2020-08-27,143.3594207763672,145.94337480766714,138.43998441349171,139.23504835885967,181380747
2020-08-28,141.91836547851562,145.29736804233983,139.63256249024286,143.26002157095363,95194825
2020-08-31,142.31588745117188,147.03656119278793,137.34675719683918,143.60786435021478,160564488
2020-09-01,142.9121856689453,144.25384170620907,139.53316807949741,142.51464615952582,58811543
2020-09-02,149.3720703125,150.71372648871636,140.5767029996653,143.40911353487192,74947929
2020-09-03,150.91249084472656,154.24179899332208,148.62668791064812,150.66403433373068,110156350
2020-09-04,146.8874969482422,152.701370389443,146.09243305516156,146.98687045701323,95560889
2020-09-07,148.4776153564453,151.0615693185163,147.08626486276586,149.0739170906411,82617101
2020-09-08,141.4214630126953,148.67639688083608,140.32824819086926,148.52731386081427,76286731
2020-09-09,139.2350311279297,140.87483799109393,134.86218755185578,140.12946847791352,105355010
2020-09-10,142.415283203125,143.60787149054514,137.1480018387213,141.91837015298472,79606504
2020-09-11,143.40911865234375,145.89368406501572,140.77547021616115,142.21653028717796,65135339
2020-09-14,147.63287353515625,150.1671331805314,144.60170082851474,146.2912022039038,84505930
2020-09-15,147.48379516601562,148.47762131986906,145.64522588013696,148.47762131986906,42886817
2020-09-16,150.51495361328125,153.3473639474645,147.63286410781024,148.27884498037307,85056501
2020-09-17,146.73841857910156,150.06774210216827,145.2973737573947,149.86897991375747,48119360
2020-09-18,146.98687744140625,149.57083142555476,145.34707040523176,147.78194137226603,46270863
2020-09-21,136.6013946533203,146.8378065343143,134.66343678781445,146.8378065343143,64734493
2020-09-22,132.27825927734375,137.29706892417587,128.84954711878265,137.14800107579617,87298020
2020-09-23,130.58876037597656,135.85604242062558,127.11037615806852,134.66345397918812,74981613
2020-09-24,122.04185485839844,128.00481178798222,121.39586634123516,127.11036673208629,62420957
2020-09-25,126.46437072753906,127.55758549907192,122.33999091230447,122.9362850535006,65040759
2020-09-28,132.02980041503906,133.4708451939882,126.71282483646048,128.1041752786357,61830817
2020-09-29,130.88690185546875,135.1603573638605,129.89307569838152,134.1168368660022,63366932
2020-09-30,132.47702026367188,133.57021985924962,129.49554200641558,130.73782461360568,48859088
2020-10-01,132.67578125,135.65725948033707,131.73164950997642,135.06095776843668,40491744
2020-10-05,133.07330322265625,136.65108310057695,131.234734112416,136.1044757352582,55268322
2020-10-06,143.85633850097656,144.89985901524759,135.16035948969127,137.1480118351279,161987221
2020-10-07,140.12948608398438,143.607877582523,138.93689774597354,143.3594210469131,68273641
2020-10-08,140.0797882080078,142.61404784017492,138.73813204833095,141.96806692972862,40900948
2020-10-09,137.59521484375,141.76928125887977,137.14799615009005,140.27854217029184,37097190
2020-10-12,135.0609588623047,138.78780668041003,132.17886928213628,138.78780668041003,39279109
2020-10-13,133.27207946777344,136.25355761994211,132.02979690436982,134.56404120204755,38973506
2020-10-14,129.89308166503906,133.8186921329403,128.00481794566917,132.92425461630916,45791440
2020-10-15,126.16622161865234,133.52054393064836,125.71900290211477,130.68813345160547,64002864
2020-10-16,126.96128845214844,129.24709159027012,125.22209271992723,128.60109550526653,62553775
2020-10-19,127.45819854736328,129.59491861702196,127.01097983099089,128.9986320500531,33157664
2020-10-20,128.84954833984375,129.49554440630416,125.5699267454567,127.30913001004613,27465829
2020-10-21,129.4458465576172,132.2782569435209,127.50788873995899,130.2409104523079,39252663
2020-10-22,132.67578125,133.76899600028992,127.65695652934943,128.89923912532322,48808592
2020-10-23,136.1541748046875,138.04243831643768,133.27208519947246,134.06713394257818,68711352
2020-10-26,132.8745574951172,139.93072945286585,130.43968638223234,137.54553751741173,88531579
2020-10-27,134.81251525878906,135.9057301226845,130.04216172618658,133.32177598870476,56856159
2020-10-28,133.96775817871094,142.36558549432533,132.67578124602048,138.14182466814117,152359338
2020-10-29,131.08566284179688,132.17887767031712,129.19739922662578,131.18505152242003,66632704
2020-10-30,131.83102416992188,133.66960849384876,129.49554196784953,132.37763154983926,51128530
2020-11-02,132.02980041503906,133.17269433792708,130.29060478002881,132.82484914509206,40388690
2020-11-03,133.27207946777344,136.55169330349335,132.72547210695942,134.16651684759123,52071476
2020-11-04,135.0609588623047,136.15417362144862,133.17269536696435,134.76282316852235,44675934
2020-11-05,136.80015563964844,137.14800083804178,135.1603486519832,136.15417474501248,38928602
2020-11-06,138.14183044433594,141.42145966765767,136.80015911879153,136.80015911879153,67966815
2020-11-09,140.12948608398438,140.62639915520418,137.84368292345658,139.73196169284194,40277460
2020-11-10,145.09861755371094,145.79429282413395,141.86868257391944,143.16065959875274,68794369
2020-11-11,150.01805114746094,150.5646585513561,144.75076963056944,145.59552790609683,78583629
2020-11-12,150.26649475097656,152.90014286511806,149.07390653163984,150.0180382400905,56145517
2020-11-13,145.4464569091797,149.07391613598892,144.45263080160643,149.07391613598892,32566537
2020-11-14,147.93101501464844,149.86897279765535,147.08625679828486,147.78193200698195,11749453
2020-11-17,157.02452087402344,158.36619214985603,151.2603265685162,151.55847742587704,82644841
2020-11-18,172.42881774902344,177.69609878810596,157.57112150039572,157.86927234498188,171801183
2020-11-19,166.9130859375,175.26123404995292,165.52173550104905,170.34178285664032,109449407
2020-11-20,168.05601501464844,170.49088615041637,164.5279290026169,169.0001468634665,66935703
2020-11-23,169.6461181640625,172.82635876225498,164.52791963607953,168.45352983531322,54566251
2020-11-24,170.98779296875,174.41649016994327,170.04366115459297,170.78903077070385,47695247
2020-11-25,170.39149475097656,175.70847085556096,168.205080197865,173.91958070680278,54366608
2020-11-26,172.6772918701172,173.91957454544178,169.99396432433278,170.54057173439227,39094724
2020-11-27,179.23654174804688,182.7149330698531,173.57172089229633,173.57172089229633,125926062
2020-12-01,178.64024353027344,181.27387665974052,177.0004365122404,181.22419748583522,48881250
2020-12-02,182.4664764404297,186.19332428304807,179.98191121201742,182.86400081114257,88107889
2020-12-03,183.70875549316406,184.8516494102439,182.11862771197417,183.8578233381458,33332481
2020-12-04,183.01307678222656,187.6343774109439,181.0751188509634,185.3485742664305,47995639
2020-12-07,182.41677856445312,185.29886810767195,181.57202033734634,183.31121596349828,29802472
2020-12-08,180.67759704589844,184.55351296384183,177.84518645345884,183.80814335157706,42143391
2020-12-09,181.57203674316406,185.24919050921557,180.52851624026982,181.8701876246458,40300535
2020-12-10,176.50352478027344,181.57202888785042,175.31092130594183,181.57202888785042,38368777
2020-12-11,177.7458038330078,180.32974259109153,175.4103064350368,176.85135124535424,43065542
2020-12-14,176.55320739746094,180.37944409562576,175.6090755990231,179.88253102649182,33186273
2020-12-15,177.7954864501953,178.590550377538,172.18037494914446,175.3606154939321,41190341
2020-12-16,181.42295837402344,182.66524100440625,178.9880874513897,179.88252487943217,51259394
2020-12-17,180.5782012939453,182.8640043816323,179.53468084472047,182.8640043816323,34101954
2020-12-18,179.435302734375,180.37943448249632,175.5593719029437,179.7831327654815,46065197
2020-12-21,163.53408813476562,176.45382746216785,161.4967415925279,174.9133939709841,75582907
2020-12-22,163.93161010742188,168.15537097948274,155.7325448851861,163.53408573823742,110009846
2020-12-23,168.15536499023438,168.65227801630752,162.39117085486953,163.9812986041364,56930071
2020-12-24,174.8636932373047,176.90103970502622,170.93808331047478,170.93808331047478,73831319
2020-12-28,185.1995086669922,186.24301399028224,177.89488041646052,178.73963870773525,98012135
2020-12-29,182.31739807128906,187.28652865466887,179.9819157958504,186.73992125758048,71318085
2020-12-30,183.01307678222656,184.25535945157262,179.28622877418843,181.96957147164258,38576159
2020-12-31,182.71493530273438,186.34239451682882,181.67141486052356,183.70876140682412,48978310
2021-01-01,185.3485565185547,185.84546953871168,183.36090443792676,183.80812312315166,27334421
2021-01-04,190.1189422607422,191.80844365379156,187.58468258887646,190.61585532720278,63980597
2021-01-05,192.0072021484375,192.70287739516348,183.90752538700343,185.94487195315907,75752593
2021-01-06,194.19361877441406,196.3800483812523,189.4729446802934,193.2494869885066,75621947
2021-01-07,195.53529357910156,199.1130737587076,193.89548650945585,195.78375011478022,66024848
2021-01-08,196.92665100097656,200.25597476135374,195.88314564629428,197.52295277329557,53991568
2021-01-11,219.2877197265625,224.00839363326486,198.41737192850988,198.66582844991527,182483100
2021-01-12,236.33184814453125,250.84170001562842,222.71643369204358,225.59852329830335,390577839
2021-01-13,241.1022186279297,247.26393743295623,236.92813686410838,241.4003543271316,164649387
2021-01-14,243.5867919921875,248.25777179833187,237.12692210837966,241.350683186254,86819519
2021-01-15,258.69293212890625,263.01608190405,241.10222764714345,244.48123045755267,250038029
2021-01-18,244.4315185546875,260.8296638522053,239.66115039218982,260.03458479977627,173383224
2021-01-19,257.0531311035156,260.0843190994562,249.7485179011071,249.94728010087496,136861059
2021-01-20,273.2027893066406,275.786743237037,257.25189250513773,258.39478645632295,205145151
2021-01-21,288.8058776855469,297.1540110608891,278.2713147058493,279.2651408297988,283614463
2021-01-22,287.5635986328125,305.0052351949439,276.6315111324262,294.1228571988776,316008609
2021-01-25,277.4265441894531,297.6509109849837,275.637669376969,295.0669571109338,164346913
2021-01-27,265.8484802246094,273.3021759318414,264.0596053865399,273.2027872565786,126586833
2021-01-28,265.1528015136719,271.71206009097165,257.45064894338935,258.44447508149034,129156876
2021-01-29,261.0781555175781,277.0787331138288,258.991114426581,271.31455327123564,138442348
2021-02-01,277.873779296875,280.25895583388353,253.77349674733006,268.0845862985464,165655500
2021-02-02,320.01202392578125,326.81973919624704,288.60711116412574,291.7873670118253,251965965
2021-02-03,328.9564208984375,339.7891187232179,324.18606801405326,337.10580659918827,224190114
2021-02-04,324.1363830566406,332.43483722663655,320.45924460918206,326.968793565212,121033002
2021-02-05,313.9496765136719,327.962631374602,310.6700623315928,325.577454666802,103512235
2021-02-08,333.8758850097656,337.15549895488994,316.03669467252763,316.7820642354346,102123614
2021-02-09,323.04315185546875,336.41012462588856,320.21077181988244,334.91938552119484,105981081
2021-02-10,326.8694152832031,330.59626335270417,317.52745552148735,323.98732550862246,93466949
2021-02-11,322.99346923828125,329.30427078000054,321.40334147773683,324.43452915577933,55257166
2021-02-12,323.3910217285156,328.4595411371615,319.26664928990357,324.38484787416513,64093642
2021-02-15,331.29193115234375,333.7267868605352,321.9996512015283,327.86321903103175,78680452
2021-02-16,327.1675720214844,335.813841099323,325.4780554796942,333.37898529399763,65943843
2021-02-17,328.1116943359375,332.18638757925766,323.4407296714406,324.88175937817357,52150941
2021-02-18,321.8505859375,329.70180599791723,319.11756418469133,329.45334947493467,49204247
2021-02-19,309.9246826171875,319.96233252835884,299.5391874970276,319.96233252835884,80274683
2021-02-22,302.62005615234375,311.96201569515426,300.2845586843495,310.5209860062144,57723298
2021-02-23,321.9996643066406,326.86940625038307,306.59535937839087,306.59535937839087,133310157
2021-02-24,319.6641540527344,327.9626079251585,314.5459557827657,322.9934775020501,50821757
2021-02-25,331.0931701660156,332.63361886977214,321.2542975144685,323.34133845974617,64514912
2021-02-26,320.9561462402344,330.89440708892823,316.88145322643686,321.00582541281176,91901339
2021-03-01,326.2731018066406,329.8012027165405,320.7076998194267,327.9626183357945,61190868
2021-03-02,343.6153564453125,345.05641634804306,324.43452583107927,329.0558108931444,127708761
2021-03-03,346.348388671875,354.7959103467988,344.3607365130694,346.4974565179524,92006451
2021-03-04,337.1058349609375,343.2675387609066,335.2175410532186,336.9070576035461,59863169
2021-03-05,323.1425476074219,335.7641511019985,317.72621360587686,330.94408849206184,86738909
2021-03-08,319.2666320800781,329.7018060468978,316.8317460228207,329.7018060468978,81925952
2021-03-09,313.2539978027344,326.3228049081403,307.6885655955371,322.9934814184554,74702208
2021-03-10,319.4654235839844,322.4469019923121,314.7447494374655,317.5274504869047,58643853
2021-03-12,315.5894775390625,324.4842335931132,312.21047474052654,323.0431735634066,48360842
2021-03-15,316.5832824707031,318.42186676605854,308.1357608755999,318.02434240388664,45081385
2021-03-16,317.97467041015625,319.9126130929291,313.1546077959541,319.0181756755597,39267404
2021-03-17,303.9120178222656,318.0243609720677,302.12314292346434,316.63301045864824,47262481
2021-03-18,305.1046142578125,314.645350932359,297.89937499602377,309.0799186781097,73731921
2021-03-19,307.0425720214844,309.0799033038796,288.40833347824406,301.6262078865835,109932681
2021-03-22,301.1789855957031,305.6015238447981,298.24721681648,304.55801857796985,56385019
2021-03-23,305.50213623046875,310.32219886799044,302.12313356563357,303.116959662889,60240483
2021-03-24,292.6321105957031,303.1169639379562,291.38982795661315,301.6759039449454,61523819
2021-03-25,283.7870178222656,292.1848601171627,280.5074039730244,292.1848601171627,84528317
2021-03-26,294.5700378417969,299.53916813713477,288.7064701591311,288.7064701591311,80924011
2021-03-30,295.2160339355469,299.4397949043591,290.8929146190366,298.64474614777845,45257233
2021-03-31,299.93670654296875,305.6015274766411,295.6632664204902,297.1540055789128,58569012
2021-04-01,305.8499755859375,307.9370164161262,301.1789808864278,304.85614950767285,44088352
2021-04-05,303.1666259765625,309.7755935063083,295.3651157073596,304.90582157298735,66178755
2021-04-06,305.8499755859375,311.86261122777245,302.91817652339085,304.25984779488107,63031783
2021-04-07,305.899658203125,308.7320686239098,303.2163459590909,304.85615294086153,39073986
2021-04-08,312.01171875,317.8255772186859,305.6015282214926,305.99905259887436,62459774
2021-04-09,316.2355041503906,322.99351007569163,310.5706827650881,311.2663732261492,75462572
2021-04-12,284.7808532714844,305.9493671349654,281.15339411755997,305.9493671349654,105342538
2021-04-13,300.9802551269531,302.6697413818349,278.8179138187942,285.47656114514325,116874853
2021-04-15,301.6262512207031,305.6512351926398,294.66946783175774,301.12933812149276,75262749
2021-04-16,308.0860900878906,313.0552205731792,298.29689696603907,300.1354813114289,75330709
2021-04-19,299.5391845703125,302.62005158827594,290.99227392760184,293.1787035091672,65791784
2021-04-20,296.2098693847656,306.2475194811844,292.383663002777,305.80031591494554,56740291
2021-04-22,292.7314758300781,300.63240573222816,290.3960086769793,292.1848835876862,61022978
2021-04-23,292.18487548828125,298.14783213089925,288.70648411342074,289.20339716697225,58158986
2021-04-26,293.57623291015625,297.1540130461099,292.78118413735166,295.16636078493195,30583139
2021-04-27,299.6385803222656,300.63240645932126,293.2780991109431,293.8744008590098,35040532
2021-04-28,304.01141357421875,307.58919378423064,301.1293238016862,301.6262368772666,44668126
2021-04-29,300.0361022949219,308.0861000060752,299.3901213768715,306.99288519828485,36647292
2021-04-30,292.0357971191406,299.43978315287245,290.74380502894377,296.35894659515526,36121668
2021-05-03,291.1910400390625,292.93023567069514,283.24043143731336,287.51387142908754,35376618
2021-05-04,287.6629943847656,297.89939170967807,286.2716134962655,294.5203888286795,38640006
2021-05-05,289.7003173828125,292.0854940329955,286.71883898779214,291.6879696461594,29350536
2021-05-06,299.3901062011719,300.1354757601789,288.5076985080027,289.70030193408,45032502
2021-05-07,300.880859375,304.06111510699685,298.64475059351776,301.1293159062758,41591323
2021-05-10,312.9061584472656,313.7509167110478,302.12313903114324,302.62005208876025,53260388
2021-05-11,313.6018371582031,318.7697453960574,306.19785035741666,307.6388801126027,58472304
2021-05-12,323.9873046875,332.6832829574866,314.29750032951495,316.2851525055119,111584920
2021-05-14,310.32220458984375,327.4657050835981,308.0860958297888,327.31663723209437,81305325
2021-05-17,319.1175537109375,321.85057537404566,309.4774288039447,313.45273304119297,51162423
2021-05-18,330.3974914550781,334.57154278129195,321.9996489721327,323.93762195409397,86153088
2021-05-19,312.5086364746094,320.95615851917927,310.17313901998324,311.0675764647515,119407026
2021-05-20,305.80029296875,314.64533889982977,304.2101651956069,314.04903719375557,54043899
2021-05-21,311.1669616699219,313.750915626431,307.5891816016143,310.07374688111037,40358753
2021-05-24,309.9246826171875,313.85027760672585,308.2848755795745,312.80677230892655,31963997
2021-05-25,313.3036804199219,317.03052832341024,311.9123299351194,313.6018161205346,37382263
2021-05-26,313.5521545410156,318.02437227614894,312.8564640949945,314.1484563048669,28639717
2021-05-27,316.63299560546875,321.45305816617696,314.5956339410637,315.09254698177244,49484106
2021-05-28,316.7820739746094,322.4965741325827,314.54596521714154,320.65798975505373,26618815
2021-05-31,316.7820739746094,317.7759000890395,310.1731363794821,316.7323948005543,30917309
2021-06-01,316.1361083984375,323.68919330025903,315.34102927083296,317.229323243164,32595728
2021-06-02,321.0058288574219,322.3971793253361,313.65152181630475,313.9993670155747,26323777
2021-06-03,323.63946533203125,325.67682704669835,321.65181312016045,323.2916201291207,21408371
2021-06-04,332.8820495605469,334.8199921720834,322.2480986305858,323.1425360150768,41278749
2021-06-07,343.366943359375,348.83298732023337,337.6524428548413,337.6524428548413,64986814
2021-06-08,350.5721740722656,354.4480899876706,335.4163252994746,344.112304103535,44104954
2021-06-09,341.2301940917969,356.68417766073867,337.6524141017073,354.0008654150455,59334814
2021-06-10,342.6215515136719,345.7024185213249,340.2860540887172,343.0687853949573,24351860
2021-06-11,348.5845031738281,350.7212232144062,342.2240222252279,343.8638292178034,36441967
2021-06-14,353.7524108886719,355.690353577747,338.99408730200287,347.8888126608323,38482142
2021-06-15,350.5224914550781,358.52277974460065,349.32988795627756,353.5536490482098,35526159
2021-06-16,347.19317626953125,353.80211419068667,345.95089356521004,347.93854589212395,27550588
2021-06-17,343.5159912109375,350.72123055783925,340.136988479603,346.2490130321761,29236974
2021-06-18,335.3169250488281,344.75827313889715,326.96879175081085,343.515990495467,49440514
2021-06-21,332.2360534667969,333.72679261845013,324.1860863112016,328.85705078888253,29123887
2021-06-22,335.8138427734375,342.17432393036637,334.0746470484635,335.0187940022588,26708459
2021-06-23,333.1802062988281,341.1308152485392,332.2360593543835,338.89470648143293,25741628
2021-06-24,332.5838928222656,335.31691455225894,331.29193104520755,332.93173801737055,15580223
2021-06-25,337.5530090332031,340.6835549990558,333.82616137643475,333.82616137643475,22426352
2021-06-28,340.68359375,342.87002342233103,335.4660064370515,338.6959414403053,17843975
2021-06-29,339.4413146972656,344.36076634819256,337.50337187202746,340.5345295451569,22462297
2021-06-30,337.50335693359375,343.21785713232646,336.7579873424547,339.88853355940546,18277841
2021-07-01,342.1246643066406,345.2552107246586,339.09350657299126,339.39164229692886,27944816
2021-07-02,342.7706298828125,343.4166108084741,338.3978009292952,343.16815427328373,18304387
2021-07-05,343.9632263183594,347.9385307997523,341.8761853997948,344.9073429351904,18399524
2021-07-06,314.9434814453125,355.9885171063974,309.5768266321295,345.85147886992314,164083830
2021-07-07,315.14227294921875,317.1299252159068,304.35925333660293,314.049058136707,112183313
2021-07-08,304.4586181640625,312.8564301354232,303.1169469233231,312.8564301354232,87360324
2021-07-09,304.4089050292969,306.9431796380275,299.98639733268396,303.9119920074866,48807214
2021-07-12,305.5518493652344,310.07374602983646,304.21017805215666,308.8811425672861,32282319
2021-07-13,309.0302429199219,310.32220473913094,306.2475115974596,308.0860959780003,25736308
2021-07-14,307.6388854980469,311.3657337167884,306.74444799138263,308.08611941596325,21863250
2021-07-15,308.33453369140625,310.9184875013089,305.70090071039874,308.58299020525914,23617599
2021-07-16,309.328369140625,313.5024508317791,308.5829995764307,309.1793012936192,25148606
2021-07-19,306.9432067871094,308.3842364803196,304.11079624643185,307.0425954660951,21346348
2021-07-20,300.2845764160156,306.0984656773443,299.19136154419147,305.1046394900802,27672567
2021-07-22,300.68206787109375,305.55183991830785,299.19132875357883,303.61386693387243,21338361
2021-07-23,293.72528076171875,300.0360823270373,293.17868855878345,298.64473190479464,33435130
2021-07-26,291.3401184082031,295.1663550018379,289.2033983351341,293.1787027796033,27502360
2021-07-27,289.6009216308594,295.8123348021165,286.8182206618025,291.19104946853435,55132877
2021-07-28,282.69384765625,289.10400783503303,281.84908940129435,288.2095704065012,36139725
2021-07-29,291.0916442871094,293.5762094147378,285.7746688481518,285.7746688481518,57733359
2021-07-30,292.13519287109375,298.14782861652753,291.43950247265565,292.18487204419694,30589609
2021-08-02,295.0173034667969,297.5515480586348,293.77502075919637,297.3030915171147,19273390
2021-08-03,301.8249816894531,302.62003039297434,295.86202542555213,296.65707412907335,31063992
2021-08-04,296.30926513671875,304.5580405067204,295.36514847712584,302.86852389393863,26186248
2021-08-05,297.8497009277344,299.04227407676535,290.9425972474103,293.67561908321005,20704901
2021-08-06,298.197509765625,301.52683327307096,295.8123331867206,298.197509765625,16001898
2021-08-09,296.25958251953125,302.3219281236658,294.22222070670017,298.8932157613204,16985859
2021-08-10,292.3836364746094,298.34659278343895,289.2033809782346,296.0607746675558,15173990
2021-08-11,293.6259460449219,295.9614132173512,284.6815107590214,293.4768478601566,20802022
2021-08-12,304.1108093261719,305.5021599043143,295.4645094783685,295.4645094783685,33652880
2021-08-13,305.35308837890625,309.57684956885043,301.179006365412,306.89350679886593,34922863
2021-08-16,301.8249816894531,305.94935370615184,301.1789704975327,304.061090288416,14348786
2021-08-17,295.8620300292969,300.9305186691495,290.99225807467076,300.9305186691495,25539214
2021-08-18,291.5389099121094,295.9117389474302,290.79354029259446,295.0669806461464,18004320
2021-08-20,281.3521728515625,288.9052572203682,279.265131991487,287.71265377770635,32578752
2021-08-23,275.2401428222656,286.5200444781911,273.3021698498462,285.4268600621235,24498294
2021-08-24,278.0725402832031,279.762056843409,266.792637920701,276.7805784401045,37589121
2021-08-25,282.6441345214844,287.4145179609637,280.7061918394292,281.0540067083246,31538128
2021-08-26,282.54473876953125,285.5759264719497,279.91110575731926,283.09136130398275,17864053
2021-08-27,283.9858093261719,285.02931460410304,279.96082573510506,281.15339886285983,13477390
2021-08-30,290.1475524902344,291.6879708691201,288.11019071426176,288.30896807309654,17217097
2021-08-31,285.5262451171875,290.14756104848954,284.33367191650285,289.9487836837916,36951003
2021-09-01,293.4271545410156,295.5638745793762,285.5262249543077,287.21574144742937,33103168
2021-09-02,291.3401184082031,294.4706645923894,289.8990887445826,293.4271593073827,14907001
2021-09-03,293.72528076171875,294.6197484816704,290.1972103700501,290.69412340150564,16594135
2021-09-06,295.61358642578125,297.10432558006323,294.1725264449757,295.66326559925767,16622865
2021-09-07,292.78118896484375,295.9614144376654,289.1040200893672,295.5142108690266,14325904
2021-09-08,293.4271545410156,296.9552250465064,289.79969536019433,291.6879588748115,14920479
2021-09-09,297.10430908203125,301.62620546725526,291.7376241612925,292.18485801440875,34020970
2021-09-13,299.3404235839844,300.13547230610953,293.6756028690575,297.15399410439323,16339860
2021-09-14,304.2101745605469,305.30338933380955,300.3342588454934,300.38393801871035,23234649
2021-09-15,310.0240783691406,311.0675836907495,304.2101893493427,304.2101893493427,26808872
2021-09-16,309.72589111328125,313.05521454009624,305.750586801661,311.4650867496151,26249369
2021-09-17,306.6947326660156,313.4030586690981,304.1107788064028,310.07373525358713,24972069
2021-09-20,297.10430908203125,308.33453128901465,295.4644718400477,303.01755586815773,19632688
2021-09-21,300.0858154296875,300.8311850354948,291.29044801532797,296.75649179124815,19439330
2021-09-22,308.18548583984375,311.8626242858907,301.1293143228803,301.27838217502864,29545253
2021-09-23,319.5151062011719,321.99967156821054,311.26636131427034,311.26636131427034,52701665
2021-09-24,315.9870300292969,324.9314651954509,314.09873611977554,323.0928807899082,28901243
2021-09-27,329.6024169921875,331.54039000117353,321.1548952192547,321.1548952192547,56305136
2021-09-28,327.2669372558594,333.92558455575096,322.4965838938726,331.93793226672864,28497009
2021-09-29,328.2110900878906,330.94411203411835,321.99967657373674,322.9935027360014,19740150
2021-09-30,331.29193115234375,335.8138277026744,327.06817029553355,329.2048903102045,30268517
2021-10-01,331.2422180175781,335.21752230979826,323.6891641256917,330.5962371359253,29877695
2021-10-04,339.8885192871094,341.13080188684296,333.0808045747363,334.72061154055166,29553072
2021-10-05,342.8203125,349.32986107977814,336.7579674509903,338.3480952173286,31861985
2021-10-06,333.9752502441406,346.54717472783915,332.93174496621134,344.85765821873235,25272592
2021-10-07,374.175537109375,380.63540693994855,337.1555138495497,338.994098251777,163238084
2021-10-08,380.5857238769531,395.0955609309754,377.6539246982868,383.51749272645327,93728117
2021-10-11,413.1831970214844,418.3013953204394,385.60452301704373,387.7412430452484,113404983
2021-10-12,418.2517395019531,433.01006383207636,411.0464999453133,420.3884596494681,97349265
2021-10-13,503.77044677734375,520.6157810669065,460.0420981383621,460.0420981383621,197949387
2021-10-14,494.52789306640625,526.7278539194205,488.96246061953747,526.7278539194205,103630901
2021-10-18,506.45379638671875,521.7587125558573,500.4908396717947,503.8698424110851,72322623
2021-10-19,478.9247741699219,514.2056297706558,473.1108856297599,509.28617862225,57428637
2021-10-20,483.8939208984375,493.93157055091905,468.34054853545393,478.82540173439577,55444814
2021-10-21,504.8636474609375,507.24882398153414,482.75101723257956,488.7139736986536,52608672
2021-10-22,487.8692321777344,507.54700738729883,484.39084078671283,506.7519283004229,42742785
2021-10-25,476.9371337890625,492.93773987920025,470.3281963665958,490.8506990275883,33107841
2021-10-26,505.5096435546875,506.8513148657536,480.266466487991,480.514923014886,58027770
2021-10-27,494.82598876953125,503.42257811507795,492.93772532303797,502.6275293994485,30361263
2021-10-28,478.0800476074219,490.85071944115305,475.5954822829281,490.85071944115305,25182748
2021-10-29,480.7137145996094,488.56493501609305,464.8124964075749,479.024198035039,31054342
2021-11-01,482.70135498046875,486.67665943053095,466.8994955281387,483.4467245648554,34315690
2021-11-02,484.8381042480469,506.8513478998233,483.4964328495373,503.37295629658917,51580720
2021-11-03,481.9062805175781,491.94393041614484,478.6266664464703,480.8130657174867,22950198
2021-11-04,486.6766662597656,490.50287258330843,484.98714971311483,486.7760246090786,5531940
2021-11-08,498.3044128417969,501.7331251035618,487.22325761760203,490.85071690680036,31736426
2021-11-09,506.50347900390625,517.4355967180763,500.3914543953965,501.8821935842607,50458762
2021-11-10,507.5966796875,512.7645875301305,497.1118264824983,503.12446224531936,26615777
2021-11-11,500.3417663574219,515.795750209886,497.90688026041016,506.8513152351481,29256213
2021-11-12,503.9195251464844,506.4040904619274,494.27942992006535,503.8201667971998,20731808
2021-11-15,502.32940673828125,511.72107537213844,501.3852598259716,503.1244554745255,18014977
2021-11-16,515.845458984375,523.5972909423045,503.0748170231813,503.7704771414138,55897781
2021-11-17,526.876953125,533.3865022194841,517.0380500618353,517.0380500618353,48463415
2021-11-18,506.5531921386719,530.9019323979845,498.20502835786,528.1689105321433,47197742
2021-11-22,483.098876953125,509.08742360011365,475.446403793209,509.08742360011365,40044849
2021-11-23,492.4408264160156,496.26706291918805,474.0550437950342,481.4093507775937,27553684
2021-11-24,485.63311767578125,498.70192482431884,482.30379417510846,495.9192238761191,20915837
2021-11-25,489.70782470703125,492.09300134905567,483.49641140531855,487.7698516252303,15336539
2021-11-26,457.3587951660156,483.74486667094607,455.1723655578702,482.9994970766919,51787989
2021-11-29,458.60107421875,467.84364498319337,440.36435889016246,454.1785358626009,42819150
2021-11-30,455.7686462402344,475.04886612159584,452.8368471732991,463.66954537676605,35471800
2021-12-01,472.31585693359375,475.44640310203897,460.6880793603218,464.9615498141379,28256188
2021-12-02,476.1421203613281,477.4837917460907,468.787812827106,476.440256078312,21012008
2021-12-03,477.13592529296875,481.7075315013656,474.3531939652129,477.03653661534065,20948900
2021-12-06,464.3155517578125,477.930950711166,463.1229483428603,477.1359019873077,17473075
2021-12-07,478.8254089355469,481.90627595054644,468.09209905076267,473.90598787550664,21280797
2021-12-08,490.8507080078125,492.88806972394127,480.5149225645023,481.5087486711507,20581817
2021-12-09,490.9004211425781,495.4223178296173,486.5275619776398,494.9254047726167,16951593
2021-12-10,491.3973388671875,493.7328059939413,483.5460882286686,484.73869170846467,14567815
2021-12-13,492.291748046875,503.2735139487017,491.1488541363716,496.3664409848635,21921272
2021-12-14,486.37847900390625,488.91275371331346,480.31613383115575,488.91275371331346,17722547
2021-12-15,488.6145935058594,494.62725957767725,484.2417647540062,484.78835697455077,16263723
2021-12-16,488.9127502441406,493.4346467584991,484.39082340061714,491.9439076444251,13581352
2021-12-17,467.29705810546875,485.83190935016586,465.30940584696685,484.98715107446924,27341178
2021-12-20,444.28997802734375,457.1600390854379,437.2835156469406,457.06065040241185,33007516
2021-12-21,450.7995300292969,458.0544485081536,447.0726821129322,449.308790862751,18838054
2021-12-22,467.59521484375,469.2350219649349,455.3214555296267,455.3214555296267,22730750
2021-12-23,469.43377685546875,475.0488884036112,468.0424263443877,473.0612361508764,12116814
2021-12-24,464.7131042480469,471.9680228621676,457.16001959755823,471.9680228621676,15487368
2021-12-27,468.2411804199219,469.53317260114585,457.2594136899361,462.8248461471952,12557565
2021-12-28,477.2353210449219,479.8192447265583,469.73191554568285,472.2661903815186,22860916
2021-12-29,473.06121826171875,478.6266504247485,471.3220226063448,475.79424000587784,10263884
2021-12-30,467.4958190917969,473.4587760453381,465.70694413740154,469.632539267649,11923961
2021-12-31,479.4217224121094,480.61432590814906,468.9368687986635,469.78162708092776,15541446
2022-01-03,494.52789306640625,497.7578280196857,488.96246061953747,490.4531998287434,32748423
2022-01-04,486.5772705078125,495.91922989490945,481.06151738863605,493.7328003168126,24100985
2022-01-05,486.7263488769531,489.7078272774245,480.5646147176456,483.9436478348465,15420105
2022-01-06,485.8319091796875,489.90660237401994,474.15445216508635,478.52728106642286,16563230
2022-01-07,487.5710754394531,492.4408171109434,480.7633608020562,487.0244529040915,15532165
2022-01-10,500.5902404785156,501.782813652896,488.2667720390833,490.0556772944043,25193771
2022-01-11,498.20501708984375,504.7642754853438,495.07447090742687,499.89453360945464,16269193
2022-01-12,504.1182861328125,508.6898922306041,500.39143828067245,502.72693566718,16255334
2022-01-13,508.7892761230469,510.627830116154,491.745134509481,500.888346619115,27572553
2022-01-14,506.751953125,512.2180273363984,502.52819194327606,505.8575156464684,12655602
2022-01-17,521.7587280273438,523.6470219730621,508.8389880952381,511.62168917971707,27942414
2022-01-18,507.6463623046875,525.2370964949354,504.0189030872538,524.6408250952653,19353195
2022-01-19,517.6343383789062,518.9760401085857,501.683440420513,506.85134865612497,21799071
2022-01-20,512.5161743164062,519.9698706832581,508.83900531042536,516.7399355909557,18364451
2022-01-21,498.75164794921875,510.6775311452105,491.198563317452,507.2488492042274,17946821
2022-01-24,475.4961242675781,501.18650547757187,470.42760493621415,496.6149295406226,25228959
2022-01-25,487.5213623046875,489.4593352561492,464.7627515636862,470.87477577567125,22565698
2022-01-27,491.3476257324219,499.5964006935249,473.6575329975654,477.78190531353385,26676094
2022-01-28,494.2297058105469,506.2053284745728,492.24205361693254,497.4099614519961,21784640
2022-01-31,514.553466796875,516.7895755371801,495.124178540557,501.8821839351461,27306578
2022-02-01,501.1864929199219,511.5719878550566,489.95627005836405,504.8636616422899,48030231
2022-02-02,503.2735595703125,511.27387832739225,502.0312768747257,505.45998924621233,14311040
2022-02-03,501.3852844238281,511.12476840188106,499.74547736914747,505.9568907044278,15249245
2022-02-04,497.50933837890625,504.66486790944197,495.91921059573224,500.6895636160894,12663199
2022-02-07,491.54638671875,501.23619102802206,489.4593458786123,499.7951310760027,13392910
2022-02-08,489.70782470703125,495.42232494460694,476.1917832966711,494.92541188046994,23378623
2022-02-09,498.15533447265625,500.5902205583535,491.64578562517863,493.4346604801473,12430730
2022-02-10,504.31707763671875,507.3482351765281,501.08714274088385,503.57170804537225,14537945
2022-02-11,495.7701721191406,503.86984903082447,493.9315877087175,500.14300103503433,13534899
2022-02-14,468.5393371582031,485.4840603997521,465.9056736726401,483.9933212173578,22157389
2022-02-15,500.8883361816406,502.3790752774193,464.41490750658943,473.21027423751667,30623088
2022-02-16,495.3726501464844,504.76428894414937,493.5340657271002,500.88837307547016,20176993
2022-02-17,496.8633728027344,508.3420521717198,495.2235354678801,502.77661992375243,27943077
2022-02-18,490.1053466796875,499.54669485181046,488.4655396419415,494.9254094439204,15476803
2022-02-21,491.3973388671875,497.31058610416306,483.0988846706199,487.12386833889036,22592161
2022-02-22,475.2973327636719,483.2976207443894,468.5393274091009,477.58312066411526,27957544
2022-02-23,474.0550537109375,482.40318695573717,472.3655371949764,478.7757277258787,17703998
2022-02-24,425.3078918457031,458.70042455956803,402.946804584187,453.13502266003434,57265685
2022-02-25,456.91156005859375,462.82483762223126,438.87362199160816,442.1035568914242,48876182
2022-02-28,451.2467346191406,454.5263789905807,437.73072374138553,442.2526204253037,34475468
2022-03-02,444.8365783691406,451.44551601603524,441.80539049888597,450.1535541888226,25791134
2022-03-03,434.40142822265625,455.66930235393085,432.31438718420924,455.66930235393085,29599672
2022-03-04,414.6739501953125,429.1838176700171,412.18938488557427,429.1838176700171,38765185
2022-03-07,391.5674743652344,399.2696264625201,385.10760486428507,399.2696264625201,44836205
2022-03-08,389.33135986328125,393.0085284250533,374.02644457137444,388.0890772855426,55543383
2022-03-09,403.3940124511719,406.7233359893677,387.09527029409577,392.51163473154605,48376222
2022-03-10,417.00946044921875,432.2646979849878,411.4440279187834,424.36376792589493,59776817
2022-03-11,415.5683898925781,418.54986828041797,404.88475900281867,411.04649313602096,51510243
2022-03-14,409.1582336425781,416.4131523271117,401.5057602390289,416.1646957923103,40721277
2022-03-15,411.09619140625,421.58107575467665,405.4810795808295,407.319664071233,47706136
2022-03-16,422.2767028808594,425.904162071923,418.102651467683,424.41342292525314,27191170
2022-03-17,431.1217346191406,433.010028404894,426.8979738453026,429.332859834828,26704541
2022-03-21,425.3078918457031,433.6063155216444,424.46313359443496,432.81126677290115,18270995
2022-03-22,437.63134765625,438.72456247818525,418.5995831044917,425.45697741784284,30441493
2022-03-23,433.1094055175781,444.2402700532636,431.9168323860756,440.76187867700764,25466395
2022-03-24,430.5254821777344,432.7118814181419,424.910340403413,427.34522650002134,17109723
2022-03-25,429.4322814941406,434.3020235180983,425.00974303603095,434.3020235180983,15104414
2022-03-28,430.028564453125,432.2646731721527,423.8668305179158,429.3328740533168,16757901
2022-03-29,431.02239990234375,436.6375114083443,428.73658163135417,433.30818784416715,18710736
2022-03-30,432.9603576660156,439.76807288268844,431.56900711707897,435.74308909305614,18149488
2022-03-31,431.07208251953125,435.5939792650148,429.9291885394914,433.3081913049352,14248045
2022-04-01,438.4263610839844,439.51957581776423,428.1899647794196,431.32051080816206,19380324
2022-04-04,443.9918212890625,446.7248431324759,438.5754567768131,441.6563238297669,18657201
2022-04-05,455.2220458984375,459.04828255790886,445.5322411483152,447.2217576979519,28530470
2022-04-06,453.3337707519531,459.8433499231597,449.80570021848047,453.0853142262391,24974477
2022-04-07,446.724853515625,456.26559060203687,445.7310273676481,453.68163655146344,19950241
2022-04-08,449.2590637207031,453.43314535481335,446.9235967148102,447.22173240474746,16315704
2022-04-11,449.2590637207031,456.06677837980834,448.21555847675796,454.1785149088213,14339854
2022-04-12,435.593994140625,448.01682115044395,432.3143799416998,448.01682115044395,22698696
2022-04-13,428.38873291015625,440.1158992145889,427.44461630243666,439.07236360079446,16817981
2022-04-18,431.1217346191406,433.65600928094216,421.03440613098394,427.34520770596305,15298361
2022-04-19,422.326416015625,437.53194331077253,414.4254863386534,434.05355193862556,12669041
2022-04-20,437.830078125,438.9730024082967,425.60602917357244,428.33905096044305,19639290
2022-04-21,445.2837829589844,446.57577511835865,438.32700008735276,441.75571234860917,14124872
2022-04-22,436.1405944824219,444.4887277414134,435.2958362230052,439.3208198372365,14362036
2022-04-25,422.525146484375,433.3081653813728,420.53749434959803,430.0782306623603,14729009
2022-04-26,432.2149658203125,434.74924057865275,428.9353518144201,431.22113971802196,13577513
2022-04-27,427.59368896484375,430.2770316257493,422.4754905026841,426.5998628429034,13701069
2022-04-28,433.35784912109375,436.4884255296985,428.1402622123058,432.1155665237633,13875650
2022-04-29,434.8983154296875,444.98564446450126,433.30818757458974,437.48226940307563,21991752
2022-05-02,430.1776428222656,440.2152927167693,425.85449312725257,435.2461621085166,18945234
2022-05-04,420.8853759765625,437.8798092660068,418.1026748786323,435.24617602525734,14934742
2022-05-05,423.6680603027344,431.3205335128547,421.0841366694464,426.35140294243007,12240729
2022-05-06,406.02764892578125,417.60574747945634,404.4872305724666,416.26407615251054,25142225
2022-05-09,401.4560546875,404.88473644498964,392.561299194342,404.6362799265122,18076956
2022-05-10,389.33135986328125,405.97794640497864,387.1946398954037,397.5304248763561,16540303
2022-05-11,385.75360107421875,394.5489682715462,375.2190381729236,393.5551421549932,29215175
2022-05-12,370.00146484375,382.2752239062163,363.93914957028545,379.64159066507995,33511538
2022-05-13,401.80389404296875,416.7609955645555,384.6107140479444,384.6107140479444,71425747
2022-05-16,402.847412109375,409.35696087467494,393.8035886141692,409.35696087467494,24938704
2022-05-17,421.5313415527344,423.0220807285633,402.49957747381796,405.87858020653033,24651585
2022-05-18,412.5868835449219,424.71157363214877,411.4936688109646,421.3822502588462,20490516
2022-05-19,396.18878173828125,404.28845865401956,393.7539259106462,397.53045308327063,17706724
2022-05-20,415.4193115234375,418.79831421162277,407.4687026904531,407.4687026904531,23504236
2022-05-23,418.8480224609375,428.48811744458396,416.95972860542173,419.0467694836679,16345308
2022-05-24,423.1214904785156,424.86068627026526,413.4316853530534,421.28290600426106,14525617
2022-05-25,414.4255065917969,426.35142045055363,410.89743587358157,425.8048281970275,13540006
2022-05-26,418.0529479980469,420.04060022228975,402.49957540917967,419.39461931524403,17712299
2022-05-27,426.9477233886719,430.5751827982303,422.57489436088224,423.41962233154374,16867431
2022-05-30,439.6686706542969,442.45140199559495,433.3081895343055,434.3020156570906,18500266
2022-05-31,440.8115539550781,446.7248313741215,437.6810078099469,441.2091086578982,22308219
2022-06-01,441.8550720214844,443.24642243864275,436.88594172508704,442.35198505112413,11930669
2022-06-02,436.438720703125,442.8489111056776,432.9603293933417,442.2526093867388,12742438
2022-06-03,429.2334899902344,442.3022972449321,427.84213950483235,442.1532293945615,12780122
2022-06-06,429.68072509765625,431.270852940871,421.9785727384643,425.2581867726474,11896105
2022-06-07,433.15911865234375,435.49461609038826,426.4507923704602,429.8297950984646,11153869
2022-06-08,432.9603576660156,437.68103189469986,429.33289827191277,435.991545631408,12844475
2022-06-09,425.8544921875,432.96034287578726,423.4693155666355,429.233494927822,13043367
2022-06-10,425.4072570800781,426.2023361708599,419.39462120629884,420.38844732290147,11914234
2022-06-13,404.1890869140625,415.56837755909675,403.0958721384663,412.33844273479684,17442641
2022-06-14,402.64862060546875,409.3072673137054,395.2446346842429,400.51190065046166,19626627
2022-06-15,411.54339599609375,413.829183905093,404.9344584660896,407.46870290124815,15192826
2022-06-16,390.52398681640625,418.3014087319958,387.6915763025478,417.4069712879264,22261032
2022-06-17,386.5486755371094,392.01471911271017,380.2875528802853,385.55484943245466,24824899
2022-06-20,380.3372802734375,390.52399832531404,374.3246138599515,388.138791298614,17049013
2022-06-21,395.1452941894531,396.5366447719421,384.61073064346266,386.5983829982092,14743366
2022-06-22,390.67303466796875,394.54895027994894,388.0890808169271,393.9526485713755,12426604
2022-06-23,404.6860046386719,407.3693169415871,392.11408006784,393.8532757625533,26514004
2022-06-24,406.77301025390625,410.3011111034183,403.6424641073901,407.4687006549834,14806456
2022-06-27,411.94091796875,416.8603692896691,409.8041979220793,414.97207543854256,12018949
2022-06-28,414.5248718261719,415.6180866005554,406.62394220998226,408.7606622563158,13238339
2022-06-29,414.3758239746094,417.307592909707,409.0091385194017,409.50605159272334,13104313
2022-06-30,409.257568359375,421.3822586891729,407.4686935437757,415.7174378911666,20121916
2022-07-01,410.15203857421875,412.0403020752402,399.8162229975777,408.11467689669234,14725989
2022-07-04,405.92828369140625,412.338443854931,402.4995715061689,409.0091203457752,11525133
2022-07-05,409.45635986328125,416.2143653215913,407.66748498583627,412.4378382118003,16771012
2022-07-06,413.7795104980469,414.7236271131101,408.1146894910024,411.44401305376834,12196920
2022-07-07,428.19000244140625,430.27704342052436,416.7112922208402,417.30759397618357,17616800
2022-07-08,438.82391357421875,441.10973186032356,426.64954353708345,433.556647240839,23730027
2022-07-11,434.3517150878906,438.47611795312656,430.7739651423462,435.34554125702357,12619654
2022-07-12,427.8918151855469,432.3143534618226,425.50663861159063,430.3267012619981,9518822
2022-07-13,424.463134765625,433.1591131690977,423.0220747842404,430.02856700968067,10181698
2022-07-14,425.4072570800781,428.58751278487296,420.68658302621577,425.35757790591447,10744547
2022-07-15,437.4822692871094,439.0226876383846,427.0470950478269,427.9912116624527,15774084
2022-07-18,448.1161804199219,450.9982700311983,440.46373768164756,441.20910725331385,21185764
2022-07-19,446.2776184082031,449.0603498124991,441.70604240322945,443.9918304057163,11553440
2022-07-20,450.65045166015625,457.905369969681,448.9609351791717,451.5448890733741,17154184
2022-07-21,452.04180908203125,452.68778998324336,447.3211350920852,450.153545551886,10931800
2022-07-22,452.09149169921875,457.11033175583793,449.507537745522,453.7810082191036,10340910
2022-07-25,446.7745056152344,454.77482381910113,443.5445708300549,453.184696012872,12505062
2022-07-26,438.4263610839844,445.9297660478463,437.03501066333934,445.9297660478463,11563528
2022-07-27,441.3084716796875,442.252618615139,433.4075723086694,438.4263820287029,10081023
2022-07-28,439.51959228515625,446.4763749781944,424.76126864909236,437.53194008714536,36380444
2022-07-29,446.82421875,449.9050857128992,442.4016804919002,442.4016804919002,16004096
2022-08-01,476.2414855957031,478.03036046786656,448.2652562446978,449.1597240099456,43084536
2022-08-02,473.3096923828125,476.9371516759236,466.35290950264516,475.9433255501854,19065689
2022-08-03,464.911865234375,473.3097084129489,456.7625089248179,472.06742571370233,19125906
2022-08-04,466.00506591796875,471.0239060679494,453.63194880687763,470.22882696708615,18540405
2022-08-05,462.3775939941406,469.98035760924284,461.1353113665368,466.0050532009106,11917799
2022-08-08,465.35906982421875,468.9865290116871,461.5825427880643,463.12296110643024,10561754
2022-08-10,472.6139831542969,474.2538204598367,460.48932310032137,467.0982605076282,13360759
2022-08-11,473.70721435546875,482.00566852896566,472.66370906042306,479.57078240163736,12777503
2022-08-12,474.6016540527344,478.47760020512453,467.0982789376368,472.81277915868236,13482890
2022-08-16,486.82574462890625,488.36616302652953,475.24767607136556,476.6390266126329,16796376
2022-08-17,482.4031982421875,491.3476334271323,481.21062508169484,487.86924196632043,15948755
2022-08-18,481.806884765625,483.79453698054783,476.29116200088055,481.0118360113222,12070974
2022-08-19,468.09210205078125,485.08653475157917,465.2100123715035,483.7448634250908,16636593
2022-08-22,451.7933349609375,466.0547450515059,449.7559733313337,465.6075111908414,15050653
2022-08-23,457.6072692871094,459.2470763916667,444.8365970155045,446.2279475790935,17779238
2022-08-24,460.3402404785156,462.02972657330906,454.8741971799239,456.1661589188344,12214113
2022-08-25,456.3649597167969,465.90566606500005,454.5760545296344,463.1229651016351,11255809
2022-08-26,462.1788330078125,467.5455184124279,461.08564852014405,462.1291538326155,11252560
2022-08-29,450.5510559082031,454.07912633292943,447.3708003454231,448.21555857264576,11647725
2022-08-30,468.1914978027344,469.4834596452939,454.277931926452,455.8183503025166,14421066
2022-09-01,464.01739501953125,471.4710906891398,459.29672109544583,459.6445662925273,13385159
2022-09-02,458.89923095703125,468.88717176768836,457.3091030297332,467.94305510994434,10806707
2022-09-05,456.16619873046875,461.08565026020915,454.1785464484188,456.91156833623745,9378108
2022-09-06,454.9239196777344,460.83719739560007,453.7810256722857,459.8433712466591,9805875
2022-09-07,443.09735107421875,453.6815924555975,440.91092162951406,450.4019786177047,20764508
2022-09-08,439.46990966796875,449.75598544873577,437.2834801356245,449.65662710294635,19336014
2022-09-09,443.14703369140625,446.8738814130695,437.8797677097879,444.7371614518155,14294289
2022-09-12,448.215576171875,450.20322839436665,444.2402717268916,444.9359621364301,8962633
2022-09-13,453.9797668457031,456.116517301684,450.74983190332915,451.4952015054154,10661280
2022-09-14,447.4205322265625,451.8927497752676,444.24027650470566,444.83657824369965,10360461
2022-09-15,444.48870849609375,453.0356187387101,443.2961050839465,449.60690667566024,10356713
2022-09-16,429.82977294921875,443.6439491816382,426.45077039533527,443.24642482162216,20992324
2022-09-19,422.8233337402344,428.93535829584357,421.4319529126706,428.8359696182796,15236142
2022-09-20,431.5690002441406,440.6128241619525,427.94154090780677,427.94154090780677,17557661
2022-09-21,425.0097351074219,433.3081892939068,422.87301501045266,431.2708578749942,10831068
2022-09-22,429.53167724609375,431.916853957388,419.9412305663919,422.37611678304347,13600786
2022-09-23,420.4878234863281,429.23348092048656,417.9535487669139,429.23348092048656,13441609
2022-09-26,395.0458984375,415.31994602732686,390.7227485774448,413.43168238993707,33230938
2022-09-27,396.3378601074219,401.5057682662786,387.94004726073905,401.4063795845376,21932747
2022-09-28,396.635986328125,404.0896817727935,390.42457345756793,392.46190474744486,18114880
2022-09-29,399.7665710449219,410.69865875528643,397.132937798713,408.4625499054392,20725995
2022-09-30,402.10205078125,405.7295100224145,390.07674876619154,395.54279237947577,20951277
2022-10-03,395.1949462890625,404.0399925958147,393.0582262199453,402.9964873127378,20332430
2022-10-04,405.38165283203125,406.4251884157592,400.4125224214176,403.49338934183106,12761425
2022-10-06,411.54339599609375,415.0714665358895,406.9717898489295,407.0711785252264,12771199
2022-10-07,409.6054382324219,411.444022660385,406.1767562410855,410.8477209095366,10670854
2022-10-10,393.5054626464844,400.90944901101375,390.6233426475966,400.90944901101375,32914630
2022-10-11,390.9215087890625,397.0335333365453,388.8841470537908,394.54896804657943,14641301
2022-10-12,394.1017150878906,395.7415523632316,388.68538121541945,392.1140629521218,14287344
2022-10-13,396.53662109375,401.0088386248825,392.1140827368525,394.1017349729114,12584114
2022-10-14,393.8036193847656,406.67368040231975,392.8594723927439,404.48725069930504,12875470
2022-10-17,393.654541015625,396.43724208229054,390.0767608376501,391.56750005104243,9543556
2022-10-18,401.75421142578125,404.1890975660889,398.2261408102332,398.52427651635935,14215544
2022-10-19,396.5862731933594,404.43752325312647,394.8470776055413,403.6921537154901,8648435
2022-10-20,395.6421813964844,397.4310562670666,390.67305083468267,394.5489666070548,10747183
2022-10-21,395.59246826171875,399.76655002697936,392.2631750792082,394.5489629849865,10279618
2022-10-24,399.1205749511719,403.4934038034051,397.67951494877894,403.4934038034051,2871205
2022-10-25,402.0523376464844,407.9656150881989,400.7106966714027,401.853590623478,17979661
2022-10-27,405.18292236328125,409.1582268541482,401.50575357756276,406.0276503042574,14614841
2022-10-28,407.36932373046875,408.6613158941438,403.5927965763926,405.4810601534307,12488938
2022-10-31,410.20172119140625,413.7297917011198,409.05882724665156,411.7918490111006,9928218
2022-11-01,418.7486267089844,419.7921319658915,410.2513954902465,412.3384363332259,17324893
2022-11-02,419.543701171875,422.475500432172,417.55604888127823,420.4381386368101,12433578
2022-11-03,413.68011474609375,420.6865766299469,411.9409190684826,416.8106608999608,10987519
2022-11-04,422.72393798828125,423.3699188878874,414.3260953059046,415.6180874342825,12277023
2022-11-07,432.3143615722656,434.798926868658,425.60603527200635,425.60603527200635,15058076
2022-11-09,430.47576904296875,438.4760873434945,429.3328750940839,436.4884351439848,14471443
2022-11-10,409.6551513671875,417.953575460517,406.6736729156917,417.90389628465897,26251660
2022-11-11,420.8853759765625,422.87302828341757,412.1397179580671,417.4069844395661,19296401
2022-11-14,431.02239990234375,434.9977043779783,420.88536135780913,421.3822744172635,17996083
2022-11-15,434.4510803222656,435.7927516440154,431.4199228016761,432.2149715624046,10696024
2022-11-16,428.8856506347656,435.4946186065838,426.9477078951908,434.25233595461293,8206169
2022-11-17,420.5375061035156,424.9103348564114,417.0094355973437,419.3946121599082,15621809
2022-11-18,421.1834716796875,423.8171349994137,418.54983868912564,421.38224902315665,9851962
2022-11-21,418.50018310546875,424.9600528531715,417.4069683131012,422.9724006231091,9497812
2022-11-22,422.0779724121094,423.7674586470952,417.9038905060658,418.400803574444,6407614
2022-11-23,421.43194580078125,426.64953282859716,420.239372677637,424.21467707978246,6568241
2022-11-24,420.7859802246094,422.6245646433887,418.10266785294505,421.879195040843,6768613
2022-11-25,430.5254821777344,432.463424891107,421.3822698511838,422.37609595932344,18764073
2022-11-28,430.5751647949219,437.63133628497656,429.7304065304142,432.314360498075,10701208
2022-11-29,430.47576904296875,435.19644301680415,426.8979890180183,429.82978814396125,8630105
2022-11-30,436.68719482421875,438.27732269575097,430.62484937415854,432.3143659243802,14727892
2022-12-01,435.5443115234375,440.8612875074692,434.152960975163,440.2649857498752,8909310
2022-12-02,432.7118835449219,438.42638369481125,432.3143591655454,436.28966361764236,8352658
2022-12-05,426.1029357910156,434.7989140724649,425.15878887450646,432.8112618938479,12857807
2022-12-06,424.463134765625,428.68689570445457,422.72393908493046,426.1526209436574,8461831
2022-12-07,417.50634765625,425.35756772363357,416.5125215634378,425.35756772363357,12133315
2022-12-08,414.624267578125,418.79831906632796,412.78568319835136,418.40079468590375,9539923
2022-12-09,410.7483215332031,418.35111558249355,407.0214735989102,416.71127822807176,9920219
2022-12-12,411.59307861328125,414.32610042389956,405.481054084459,409.45635853626743,8009229
2022-12-13,415.9162292480469,418.89770759391104,414.6739466039368,417.357289246881,9717894
2022-12-14,415.3199157714844,418.74862790396105,414.77332355519513,417.9535488367087,6314883
2022-12-15,414.1273498535156,420.1896648272919,413.1335237490715,416.26406991223723,7542601
2022-12-16,418.9971008300781,425.15880461440537,410.54957875821833,414.7733397941482,50949198
2022-12-19,415.4193115234375,420.2393741942675,412.9347462631299,419.2952272636843,9809103
2022-12-20,407.9656066894531,415.419302304973,405.48104148427984,415.419302304973,12341042
2022-12-21,400.1143798828125,411.84151531955297,398.52425211278893,410.05264053400424,11606059
2022-12-22,392.01470947265625,402.20142679486474,387.7909486317405,401.6051250809025,14908929
2022-12-23,376.01409912109375,387.5921667544647,374.6724278626492,387.5921667544647,19902886
2022-12-26,382.4242858886719,388.28788436801364,372.883579224263,377.90238909104403,16979026
2022-12-27,391.716552734375,394.9961970743093,386.10144131391826,387.59218046957045,14372461
2022-12-28,388.8841552734375,393.45576156943565,387.98971781597777,391.56749797498355,8443917
2022-12-29,383.5174865722656,387.5921796549845,380.68507611664603,386.59835355330506,15627403
2022-12-30,385.5548400878906,389.7786009303032,384.6106931796853,388.58599750195594,9198673
2023-01-02,392.362548828125,393.5551523304902,388.58602161924665,390.07676083261975,10501357
2023-01-03,391.46807861328125,395.89061670793774,390.573641225925,393.55511940322214,9431220
2023-01-04,383.2193603515625,392.36254251565157,382.6230586099734,392.36254251565157,16121049
2023-01-05,384.5113220214844,386.3499064201208,380.1384931336237,385.50514814732395,10443908
2023-01-06,379.6415710449219,386.00205203324447,378.64774494271,383.7162641298235,8715469
2023-01-09,387.04559326171875,390.2755281408372,382.6230549109517,383.96472623426484,14693099
2023-01-10,410.3507995605469,415.1708623163485,397.5304486571859,397.5304486571859,54021379
2023-01-11,415.61810302734375,417.4069779440085,410.99678722248734,413.1832168576703,22224361
2023-01-12,409.704833984375,417.9038997948567,407.5184043032462,417.7051224314205,12479034
2023-01-13,408.9594421386719,413.7795048129438,405.4810507717573,410.45018129592097,10449630
2023-01-16,410.4501953125,412.3384589103319,405.08354022896896,410.9471083818856,11462140
2023-01-17,412.7359619140625,416.86036443959017,409.95326100135577,410.4501740449938,12337969
2023-01-18,405.8785705566406,413.38197576075027,404.93445396522867,413.3322662585715,13310316
2023-01-19,398.27581787109375,405.28227989037225,397.62983695847106,403.99031806512687,13126520
2023-01-20,400.6609802246094,409.9532601880379,398.723037555765,401.50573846295106,23906114
2023-01-23,405.8785705566406,408.4128452927964,402.49956790426506,404.48722009144666,13113183
2023-01-24,419.543701171875,421.3822856065104,407.46871957233316,407.46871957233316,30197475
2023-01-25,416.46282958984375,424.61221602557055,415.12118857141115,421.1338245543254,22975581
2023-01-27,442.84893798828125,450.60076981755486,432.46344260125176,435.295853191275,63360467
2023-01-30,440.91094970703125,447.2217516010121,434.94799301901776,442.8489227623021,18316743
2023-01-31,449.30877685546875,451.99208907409894,438.1779126272668,440.9606438488998,25154475
2023-02-01,443.8924255371094,458.6507493221941,434.9479905557448,453.97975447803736,23798589
2023-02-02,442.0538330078125,446.4266920701864,437.97917029931057,443.9918060163266,11344554
2023-02-03,442.6998596191406,448.0168051258333,439.6189925650681,444.2402779815937,13067403
2023-02-06,439.2711486816406,444.24027932283565,436.8362625357885,441.70603482749283,6795084
2023-02-07,432.7615966796875,440.66249614703275,430.2273218727091,438.97300993821347,9023645
2023-02-08,437.38287353515625,438.2773109610804,428.8856421659624,432.76158822690996,8668267
2023-02-09,434.0535583496094,437.97918365925176,430.8733026307219,437.2834932428807,7349418
2023-02-10,443.09735107421875,445.0352936769139,428.5378054873144,435.24613133413874,14798390
2023-02-13,438.3269958496094,444.14088468766903,436.19027576838505,442.74953419262755,8333767
2023-02-14,437.830078125,441.55692601618716,431.7180536492862,439.2711381079253,8565559
2023-02-15,441.4078674316406,442.15323702552354,435.44491068057715,435.79275589022245,9857016
2023-02-16,438.8736267089844,445.4825644322746,437.78041189607796,442.25262949774054,7670688
2023-02-17,437.18408203125,439.7183567066928,433.3081664249333,433.3081664249333,6955445
2023-02-20,440.2649841308594,442.55077214253555,433.5566576232221,439.072380620057,9717197
2023-02-21,433.8050842285156,442.45138326233075,432.56280162763215,442.45138326233075,8957930
2023-02-22,426.79864501953125,433.1591262059562,425.60604152806616,432.6125036352153,7209130
2023-02-23,430.5254821777344,433.75541702918804,424.56252552889686,426.0035551881997,9278920
2023-02-24,425.109130859375,434.0038869330438,424.3637612552966,432.7118947551412,7895024
2023-02-27,415.36962890625,425.40724821134273,410.4998567730875,425.1091125142438,10438928
2023-02-28,418.1026611328125,422.1773239645703,416.4131445958645,416.4131445958645,9652088
2023-03-01,423.36993408203125,425.35758635471683,418.8977164684887,418.8977164684887,7595114
2023-03-02,417.85418701171875,423.6183661377631,416.95971927736275,423.36990961803417,5661103
2023-03-03,425.3575744628906,427.84213973428604,419.34493863778016,419.99091954250974,8027522
2023-03-06,437.38287353515625,438.7245448386253,427.3452238396022,428.28937076812343,11307064
2023-03-08,436.5877990722656,438.5257721232302,433.4075737098914,436.28966337019386,7850052
2023-03-09,429.53167724609375,439.3208406305551,428.6372094413369,436.38907166450264,5696737
2023-03-10,433.15911865234375,435.0970613807215,428.14027856987934,430.3267081563819,10417015
2023-03-13,419.7921447753906,434.3020121155654,416.51253072861,433.40757467818577,8780169
2023-03-14,414.07763671875,421.58104193898686,410.8477019076378,420.23937064392254,9189043
2023-03-15,408.81036376953125,422.37608368560046,407.5680811704559,419.39460544781974,7681009
2023-03-16,413.133544921875,415.9162460252636,402.4995929276744,410.7483378856364,11854885
2023-03-17,416.41314697265625,420.83568536692025,411.99060857839225,416.41314697265625,8658701
2023-03-20,408.2140808105469,414.3758149167123,402.9964936547213,413.03414358223813,10075022
2023-03-21,410.0029296875,411.34460093684004,405.1828975508244,410.30109570355586,7391950
2023-03-22,413.53106689453125,415.81685490683464,411.19556937725,413.4316782137426,5728054
2023-03-23,416.56219482421875,419.89151825372033,413.4316487421246,413.4316487421246,9817460
2023-03-24,413.9285583496094,417.95354180333584,412.23904189814914,416.4131235257775,6877960
2023-03-27,409.50604248046875,415.91623311534676,407.7171675879833,413.4316678040245,7433933
2023-03-28,399.1205749511719,411.9409258042153,397.9776809816014,411.5930805971722,9553659
2023-03-29,406.67364501953125,408.06499546895486,399.1205607280194,399.1205607280194,10478506
2023-03-31,418.2020263671875,419.1461733291154,408.46254235510713,408.8103875689315,11037881
2023-04-03,421.6307373046875,422.32642773008024,416.91006316868925,420.38845463731957,6948329
2023-04-05,423.91650390625,426.1029334222401,420.5375012872186,421.63071604521366,8821326
2023-04-06,434.947998046875,436.58780508920114,421.1338209591229,423.8668428060553,10907492
2023-04-10,458.45196533203125,470.37787846787427,449.20939478341916,449.2590739564856,50462653
2023-04-11,455.8680419921875,460.8868516411963,452.9859220528239,460.8868516411963,14495222
2023-04-12,462.6260681152344,465.70693521470304,455.37114942575994,456.51404342079127,13552440
2023-04-13,466.6013488769531,469.0859140999401,460.3899358194857,462.07945230278295,12733670
2023-04-17,469.2349853515625,470.07974359933945,462.92418357356064,468.0920914065304,10710167
2023-04-18,470.07977294921875,480.36587975506154,465.2100308386227,472.06742526612874,16140056
2023-04-19,466.501953125,472.56429824295077,464.9615348417836,470.0797330576566,7368610
2023-04-20,473.85626220703125,476.73838209868165,466.50195529025865,470.7754256262987,14264206
2023-04-21,468.2908630371094,473.75690650056424,464.31555870005127,473.75690650056424,8478118
2023-04-24,472.26617431640625,473.0612230638389,465.40874997084586,468.29086992091186,8020593
2023-04-25,470.6263427734375,473.4587532558678,468.9865357559777,472.2661801200634,6888352
2023-04-26,475.2476501464844,476.53961193664856,469.6822179558437,470.0797423274969,7791425
2023-04-27,478.6266784667969,479.02420285976825,473.55815905120244,475.5458113452264,7085793
2023-04-28,481.95599365234375,484.9871512157757,475.396735131543,478.42789269497496,9947813
2023-05-02,477.2850036621094,481.0118516865402,471.62018253330774,479.5211124767679,11542592
2023-05-03,480.7137145996094,482.105065125579,474.8004369527798,477.2850022952852,8529233
2023-05-04,477.8315734863281,483.3970056741678,475.7942421269026,480.6143047448307,5650101
2023-05-05,474.1544494628906,481.707534065336,473.21030251414754,478.67634619195894,4830674
2023-05-08,497.40997314453125,499.19884802916874,475.1482741185813,477.0365376810689,23515333
2023-05-09,500.54052734375,509.6340304225562,498.4534863922617,498.90072028514015,19818780
2023-05-10,506.3544006347656,509.73343365601426,501.2362022584613,504.8636614768615,12481404
2023-05-11,508.4414367675781,510.9757115098183,502.37909151628634,508.8389611401357,11454020
2023-05-12,512.7645874023438,517.2864840166444,507.14944568522833,510.7272560330799,19766717
2023-05-15,527.5725708007812,533.8337238746901,518.2803208551107,520.6157879705113,38270067
2023-05-16,517.9324951171875,532.6411092325462,515.6466465656471,530.6534570370023,16514882
2023-05-17,512.3173828125,520.7152259524416,509.3359043480238,519.2741658962779,13684847
2023-05-18,505.3109130859375,517.6840606623493,503.96924173091486,515.5969893730547,12293322
2023-05-19,521.708984375,523.1500442440743,501.63368652218907,506.6524958208101,19343560
2023-05-22,519.274169921875,523.7463876532596,516.1435932465718,521.7090561517402,9978339
2023-05-23,525.237060546875,527.721625639339,517.932463438362,519.2741043249615,12256902
2023-05-24,516.9884033203125,526.3800730773793,515.9448979380468,523.8955075680144,7648284
2023-05-25,511.67132568359375,514.8019020540106,505.9568561347457,514.8019020540106,11543712
2023-05-26,515.2491455078125,516.5411072856632,509.03773248128937,511.72107504041344,8360570
2023-05-29,518.2306518554688,521.8580808646145,516.491456113755,521.7587225141357,6596504
2023-05-30,515.5969848632812,520.267979812751,514.8019360897899,518.2306483749503,5134688
2023-05-31,523.0506591796875,524.2432626196828,513.2118172809705,516.7398877697781,12327284
2023-06-01,531.895751953125,532.9392572482383,519.6219629669539,524.2432786917402,12511265
2023-06-02,532.5914306640625,537.9083760298472,529.4608541891937,533.6846151095205,12294728
2023-06-05,542.8775634765625,545.4118081629549,534.5791389435052,535.672323503647,15008325
2023-06-06,552.31884765625,553.5611302645636,541.9830320917482,546.0577554420153,15395092
2023-06-07,564.4435424804688,571.4500043147486,548.7411023196601,555.3500094528234,20855239
2023-06-08,556.2445068359375,572.990453156429,553.561164106269,566.4809040225733,21527339
2023-06-09,558.8284301757812,562.952832948053,555.846951735585,560.9155014789192,9361533
2023-06-12,560.6669921875,565.3876659402958,557.1886010012294,563.4993721758461,7599572
2023-06-13,558.7290649414062,567.5244019683009,557.2880049147304,564.195108681096,12845897
2023-06-14,566.7789916992188,567.6734594194113,560.517899632858,562.5055517592156,12713256
2023-06-15,564.9404907226562,571.4500399152412,564.2448002815272,568.2697840831763,12475759
2023-06-16,566.2821044921875,568.6673114159225,562.5552565853089,566.1330669709115,8736313
2023-06-19,562.5552978515625,569.6611793119292,560.7167436793013,567.1269346810186,6280388
2023-06-20,579.6491088867188,580.3447993316661,559.0272160287686,562.5552867715943,18074902
2023-06-21,577.810546875,582.282764542273,570.9531221885144,581.3386175697374,9146332
2023-06-22,565.8348388671875,581.0901051718245,564.6919753015275,580.394414803237,11229179
2023-06-23,556.19482421875,567.6238248432247,554.2568511116287,566.4809005174437,9362695
2023-06-26,564.3441162109375,565.4870404681859,554.3561762218561,556.5426057331882,6986621
2023-06-27,569.5617065429688,573.3382942025314,564.9404516306049,566.4808699347261,9404450
2023-06-28,583.028076171875,586.3573691741938,571.9468914572009,575.4252826302682,16720940
2023-06-30,591.8731689453125,595.301881395535,584.3697934233298,584.7176083227474,12488047
2023-07-03,587.1524658203125,598.5814663220859,586.357417047508,596.2956783533979,11131048
2023-07-04,587.7984619140625,592.7179132653126,585.8604888777116,590.7302610553799,6917886
2023-07-05,584.6182250976562,589.3388992484661,581.3386109771814,588.3450731114534,8715919
2023-07-06,597.0906982421875,601.2151007479488,584.9163287314024,587.1524374170568,14356681
2023-07-07,614.38330078125,620.9425287099061,588.5438224491743,596.2956538171309,21066726
2023-07-10,614.8305053710938,630.8807595602567,613.737260329498,620.1474504344038,23802524
2023-07-11,624.6196899414062,626.5576629249191,618.3089186102626,621.091619496633,12051173
2023-07-12,617.6132202148438,626.9054696590955,615.5261490833836,626.0607417671923,10785502
2023-07-13,616.8182373046875,622.6320961417995,611.7000082606186,621.1413568852748,9689708
2023-07-14,621.0419311523438,622.1351155585239,615.6752461477724,619.1536373689463,7010179
2023-07-17,614.6814575195312,623.1289795711335,613.3398165158452,623.0296212220949,7580645
2023-07-18,608.3209838867188,617.0169630099224,603.2524946039575,616.5697897531126,10359400
2023-07-19,616.7684326171875,621.4394272614837,606.382998748747,610.2092048415062,11128348
2023-07-20,617.81201171875,619.7499240632158,612.395647408797,618.8058378065091,7834891
2023-07-21,621.88671875,627.1043060827008,613.8864303048591,617.1660444966041,12914610
2023-07-24,625.3650512695312,630.5329589381085,622.3835730751592,624.0730895169692,12247844
2023-07-25,635.5021362304688,638.5332938204399,629.4397603921927,632.0734239218673,13988137
2023-07-26,637.1419067382812,661.2919301882657,635.0548961316981,636.0487222602297,31673714
2023-07-27,639.7258911132812,644.4465652241445,632.8187873878252,643.0055052060038,11696851
2023-07-28,633.3455200195312,644.0126141887287,629.8562875897162,644.0126141887287,9299530
2023-07-31,642.31787109375,643.5640256088502,633.94374926071,638.2305086231769,7502361
2023-08-01,641.6698608398438,650.8914035845547,640.0249126599417,643.015683279848,8924219
2023-08-02,620.7344970703125,642.3178562651387,614.5535586486318,642.0187913578967,15762687
2023-08-03,617.0458374023438,624.5227639541597,612.2606165786583,621.0833655708476,11458920
2023-08-04,613.1079711914062,623.0772064953316,611.4131890202623,622.9276436268193,11806739
2023-08-07,607.6249389648438,617.0957132391112,606.6280153570261,617.0957132391112,9893466
2023-08-08,605.431640625,612.8587330074172,603.3879595815198,610.6654890972065,8863640
2023-08-09,620.634765625,622.0803169926172,603.4876677948287,608.72151661568,13362350
2023-08-10,616.3480224609375,626.3670925813626,596.1603193394915,621.0834096128816,53116980
2023-08-11,609.9178466796875,622.8280194769792,608.1233963680789,617.8434014739621,9347707
2023-08-14,605.4815063476562,610.1172252905338,592.6710628026509,610.1172252905338,14492164
2023-08-16,616.846435546875,619.4384123916337,595.4624136117733,604.8335191533782,14562074
2023-08-17,611.86181640625,620.0864355269857,609.1202766993381,618.0925884674134,12119293
2023-08-18,613.905517578125,618.1922767271193,609.0206286306237,610.9147468908194,11190760
2023-08-21,618.591064453125,621.3824382312206,612.9085880332325,615.1018320186594,9580365
2023-08-22,618.2919921875,624.572598325204,616.6968780137538,619.8870455138622,8534395
2023-08-23,612.0114135742188,620.8341629683347,611.2637208849754,620.8341629683347,8248333
2023-08-24,609.0704345703125,617.0956567085973,607.7744461683493,616.0987331921052,7096025
2023-08-25,603.2384033203125,614.802752770153,591.4747178424923,608.9707136145462,16075509
2023-08-28,600.5467529296875,606.6279620641798,599.6993314290564,603.5375234903984,7479254
2023-08-29,605.2821655273438,608.6218351239593,601.7430382012944,601.7430382012944,6956667
2023-08-30,603.6870727539062,611.0144977095139,603.1387769443435,609.3197154230027,5676055
2023-08-31,599.1510620117188,607.7744751799598,597.2070488922868,606.927053642061,10544271
2023-09-01,609.3197021484375,613.0083315510989,600.0483250561276,602.3412371126838,10297492
2023-09-04,607.12646484375,613.7061361829049,604.1356940809729,613.7061361829049,8392665
2023-09-05,609.2698364257812,616.9959937417805,606.1793369909517,608.1233500334862,8560651
2023-09-06,608.3726196289062,610.6655317120245,603.7369006053559,609.2698751971376,6520064
2023-09-07,613.00830078125,614.6033540846901,607.1762616428193,609.0206066752665,6520293
2023-09-08,625.3203125,626.9652607379182,612.3104720140368,616.0489354207725,16190749
2023-09-11,632.8969116210938,633.4452682690401,628.5603183788462,632.6975755826259,8780510
2023-09-12,618.89013671875,637.0341577634941,613.3572231048353,636.037234198919,12541377
2023-09-13,623.9744873046875,626.5664642498215,617.6439861216555,619.0895374687974,6988358
2023-09-14,622.6784057617188,628.8593437503182,621.382417356218,626.1676380789655,5722295
2023-09-15,632.2987670898438,634.5418450968633,625.2206341622028,626.7658535086725,18917805
2023-09-18,638.6790771484375,642.2181434734176,631.2021507516981,633.9436904305026,11108349
2023-09-20,636.5357055664062,645.0095559928972,635.0403201970255,638.7289496109753,11777925
2023-09-21,625.1209106445312,639.7258652429947,622.0803059340424,636.5356976584712,9266854
2023-09-22,618.541259765625,628.859394686272,617.0957083762032,626.0680207758572,6551917
2023-09-25,616.796630859375,623.2766341266844,615.9991041651834,621.9307507858114,6390681
2023-09-26,617.8931884765625,623.7750616115977,616.0489042947104,616.7965969382801,6271108
2023-09-27,618.2421875,619.9868037791773,614.8526229615006,618.0427906129023,5960490
2023-09-28,612.2107543945312,621.8809254204081,610.3664700856162,620.9837306947416,6768196
2023-09-29,628.26123046875,631.0526042263407,615.1018275002405,616.7966096968655,8969405
2023-10-03,618.541259765625,630.7037398546336,616.6969145972636,630.6538449967253,6894577
2023-10-04,611.7122802734375,618.8901421710914,606.428597504118,618.8901421710914,7612709
2023-10-05,617.6937866210938,619.4384027753547,612.7590638912332,617.0956568500145,7893892
2023-10-06,620.5350952148438,625.4199842537205,618.0926202717121,625.0710853392959,7922379
2023-10-09,615.4507446289062,620.086463591171,611.8120100889332,618.8901431318072,6381189
2023-10-10,628.6101684570312,630.5541816608784,615.6999955721253,618.0926365687661,9833429
2023-10-11,632.049560546875,635.8378580462904,630.6538431720121,631.0526369497979,7701931
2023-10-12,634.990478515625,638.2304801101379,633.0962993983401,635.040312524525,5928732
2023-10-13,665.0476684570312,666.9418475198828,631.0526001197098,631.9996896511356,28011678
2023-10-16,664.1505126953125,675.7148020851172,659.215728719166,666.4932588100286,20005816
2023-10-17,653.6828002929688,668.836050802353,652.6360427087025,667.9387952459041,10263992
2023-10-18,666.4434204101562,670.1818838754339,651.7886314567905,656.5738525228685,14908778
2023-10-19,666.7424926757812,670.2317252818793,656.5738597685321,660.9105139445438,10633043
2023-10-20,661.1597290039062,674.3191324010893,658.4680231742165,664.5991275169885,11759568
2023-10-23,645.3584594726562,665.1972631857534,643.0157133830063,661.6083626128029,8564004
2023-10-25,635.8876953125,649.89452060106,634.0932449980509,648.00034141796,8229559
2023-10-26,624.6224365234375,633.6944773142168,622.2298565178421,633.046452669381,8889373
2023-10-27,639.0778198242188,641.9689224141382,626.5166076244926,628.0618269339805,10232856
2023-10-30,626.5664672851562,641.8193858228594,619.9369011682443,641.8193858228594,12786883
2023-10-31,626.7160034179688,640.024908245809,625.3701201398628,640.024908245809,11395766
2023-11-01,625.7689208984375,631.8501301794402,624.3732035975265,628.0618328807475,8785264
2023-11-02,634.4920043945312,636.2366206038075,628.1615033552984,630.055682435752,9934305
2023-11-03,645.5079956054688,663.9510811941965,644.212007166008,659.9633870128499,23087856
2023-11-06,644.0624389648438,650.8415068475508,641.2212312231026,650.8415068475508,10801301
2023-11-07,643.0156860351562,647.9006357408887,641.3209038404705,643.0156860351562,6588073
2023-11-08,640.5732421875,647.0532455387106,639.9252783608113,646.0064879360694,6551864
2023-11-09,647.352294921875,651.6391149447002,640.7227896992147,642.0187781688983,10155047
2023-11-10,649.0470581054688,650.9412371691323,642.0187593227324,647.3522759191462,6425792
2023-11-13,651.2402954101562,651.9879880570106,647.3024353005799,650.9910645278715,3279829
2023-11-15,669.4840087890625,671.4280219128531,654.5301552943442,657.9695537676065,11324434
2023-11-16,678.3068237304688,683.3911096162302,668.8360497824684,671.9264885212825,17501373
2023-11-17,679.4532470703125,685.5345173566953,677.5092339390312,680.4003366314379,9563220
2023-11-20,672.2255249023438,684.6372350349587,668.6366245290644,679.9018482618739,8324354
2023-11-21,679.602783203125,681.1978365136565,672.9233833764305,674.9172304382865,7291057
2023-11-22,679.1043701171875,685.2354137634501,673.9701892259266,681.8459100237585,9279642
2023-11-23,677.8582153320312,683.789922933257,674.9671125473501,681.0982170384483,5885370
2023-11-24,671.62744140625,679.8520611052309,669.1849664170752,679.3037652947763,6951690
2023-11-28,695.3541870117188,697.2982001341319,672.1757141113281,675.3658816907515,16015860
2023-11-29,710.1585083007812,712.2022503764758,692.2138833446287,700.5880659964552,16122864
2023-11-30,704.226806640625,715.0434026130719,694.8557011102281,714.0963130891407,24275245
2023-12-01,703.2797241210938,708.8126376037984,700.8372492763295,705.8218669809976,10565415
2023-12-04,703.4292602539062,714.7942135106028,702.6317335519632,713.7972899213273,9348036
2023-12-05,706.7689819335938,712.7006893849618,702.8311216358023,703.7283771938664,9601509
2023-12-06,720.2274169921875,722.5701629506019,706.8187833335206,706.8686173405837,12148825
2023-12-07,719.72900390625,725.2619177069076,713.7972963273482,722.7696087113513,10451801
2023-12-08,712.3517456054688,725.361586404941,705.3234464009159,719.828672599118,8557203
2023-12-11,718.58251953125,724.2649962272178,714.3455942264108,715.5917487278341,6403209
2023-12-12,713.1991577148438,722.5702029141743,710.8065167696518,722.5702029141743,6461539
2023-12-13,718.0840454101562,719.2305318707499,711.3049772082029,713.7972861682878,5807736
2023-12-14,717.5357666015625,722.4705506288765,716.389280113817,721.7726919340483,6732352
2023-12-15,730.1468505859375,731.7419039668016,719.0311283869968,721.6730001994009,12082079
2023-12-18,728.5517578125,732.4896182187439,725.8600519115619,730.6453338898465,5450397
2023-12-19,726.7074584960938,730.3461930681092,723.7665217547479,730.3461930681092,4511101
2023-12-20,703.080322265625,730.7449503306673,700.8870783216224,728.7012692556995,8107602
2023-12-21,706.6692504882812,709.709916064297,694.1080378055482,700.8372719243093,7702232
2023-12-22,722.4705200195312,728.7511263121148,709.8095785693922,714.5947995138661,12062238
2023-12-26,717.3363647460938,725.2619195414886,714.3954279544205,725.1622515203692,7229143
2023-12-27,738.6206665039062,739.5676951779454,722.9191209321718,725.7603286490562,15052800
2023-12-28,751.5806884765625,755.6182166834715,736.7763372547169,740.3652985421573,14906199
2023-12-29,777.550537109375,800.4299448136563,751.6803587469493,752.6772822996642,41170191
